41b,None,https://iiif.bdrc.io/bdr:V23703_I1421::14210084.tif/full/max/0/default.png
42a,ཞེ་གཉིས་,https://iiif.bdrc.io/bdr:V23703_I1421::14210085.tif/full/max/0/default.png
42b,None,https://iiif.bdrc.io/bdr:V23703_I1421::14210086.tif/full/max/0/default.png
43a,ཞེ་གསུམ་,https://iiif.bdrc.io/bdr:V23703_I1421::14210087.tif/full/max/0/default.png
43b,None,https://iiif.bdrc.io/bdr:V23703_I1421::14210088.tif/full/max/0/default.png
44a,ཞེ་བཞི་,https://iiif.bdrc.io/bdr:V23703_I1421::14210089.tif/full/max/0/default.png
44b,None,https://iiif.bdrc.io/bdr:V23703_I1421::14210090.tif/full/max/0/default.png
45a,ཞེ་ལྔ་,https://iiif.bdrc.io/bdr:V23703_I1421::14210091.tif/full/max/0/default.png
45b,None,https://iiif.bdrc.io/bdr:V23703_I1421::14210092.tif/full/max/0/default.png
46a,ཞེ་དྲུག་,https://iiif.bdrc.io/bdr:V23703_I1421::14210093.tif/full/max/0/default.png
46b,None,https://iiif.bdrc.io/bdr:V23703_I1421::14210094.tif/full/max/0/default.png
47a,ཞེ་བདུན་,https://iiif.bdrc.io/bdr:V23703_I1421::14210095.tif/full/max/0/default.png
47b,None,https://iiif.bdrc.io/bdr:V23703_I1421::14210096.tif/full/max/0/default.png
48a,ཞེ་བརྒྱད་,https://iiif.bdrc.io/bdr:V23703_I1421::14210097.tif/full/max/0/default.png
48b,None,https://iiif.bdrc.io/bdr:V23703_I1421::14210098.tif/full/max/0/default.png
49a,ཞེ་དགུ་,https://iiif.bdrc.io/bdr:V23703_I1421::14210099.tif/full/max/0/default.png
49b,None,https://iiif.bdrc.io/bdr:V23703_I1421::14210100.tif/full/max/0/default.png
50a,ལྔ་བཅུ་,https://iiif.bdrc.io/bdr:V23703_I1421::14210101.tif/full/max/0/default.png
50b,None,https://iiif.bdrc.io/bdr:V23703_I1421::14210102.tif/full/max/0/default.png
51a,ང་གཅིག་,https://iiif.bdrc.io/bdr:V23703_I1421::14210103.tif/full/max/0/default.png
51b,None,https://iiif.bdrc.io/bdr:V23703_I1421::14210104.tif/full/max/0/default.png
52a,ང་གཉིས་,https://iiif.bdrc.io/bdr:V23703_I1421::14210105.tif/full/max/0/default.png
52b,None,https://iiif.bdrc.io/bdr:V23703_I1421::14210106.tif/full/max/0/default.png
53a,ང་གསུམ་,https://iiif.bdrc.io/bdr:V23703_I1421::14210107.tif/full/max/0/default.png
53b,None,https://iiif.bdrc.io/bdr:V23703_I1421::14210108.tif/full/max/0/default.png
54a,ང་བཞི་,https://iiif.bdrc.io/bdr:V23703_I1421::14210109.tif/full/max/0/default.png
54b,None,https://iiif.bdrc.io/bdr:V23703_I1421::14210110.tif/full/max/0/default.png
55a,ང་ལྔ་,https://iiif.bdrc.io/bdr:V23703_I1421::14210111.tif/full/max/0/default.png
55b,None,https://iiif.bdrc.io/bdr:V23703_I1421::14210112.tif/full/max/0/default.png
56a,ང་དྲུག་,https://iiif.bdrc.io/bdr:V23703_I1421::14210113.tif/full/max/0/default.png
56b,None,https://iiif.bdrc.io/bdr:V23703_I1421::14210114.tif/full/max/0/default.png
57a,ང་བདུན་,https://iiif.bdrc.io/bdr:V23703_I1421::14210115.tif/full/max/0/default.png
57b,None,https://iiif.bdrc.io/bdr:V23703_I1421::14210116.tif/full/max/0/default.png
58a,ང་བརྒྱད་,https://iiif.bdrc.io/bdr:V23703_I1421::14210117.tif/full/max/0/default.png
58b,None,https://iiif.bdrc.io/bdr:V23703_I1421::14210118.tif/full/max/0/default.png
59a,ང་དགུ་,https://iiif.bdrc.io/bdr:V23703_I1421::14210119.tif/full/max/0/default.png
59b,None,https://iiif.bdrc.io/bdr:V23703_I1421::14210120.tif/full/max/0/default.png
60a,དྲུག་བཅུ་,https://iiif.bdrc.io/bdr:V23703_I1421::14210121.tif/full/max/0/default.png
60b,None,https://iiif.bdrc.io/bdr:V23703_I1421::14210122.tif/full/max/0/default.png
61a,རེ་གཅིག་,https://iiif.bdrc.io/bdr:V23703_I1421::14210123.tif/full/max/0/default.png
61b,None,https://iiif.bdrc.io/bdr:V23703_I1421::14210124.tif/full/max/0/default.png
62a,རེ་གཉིས་,https://iiif.bdrc.io/bdr:V23703_I1421::14210125.tif/full/max/0/default.png
62b,None,https://iiif.bdrc.io/bdr:V23703_I1421::14210126.tif/full/max/0/default.png
63a,རེ་གསུམ་,https://iiif.bdrc.io/bdr:V23703_I1421::14210127.tif/full/max/0/default.png
63b,None,https://iiif.bdrc.io/bdr:V23703_I1421::14210128.tif/full/max/0/default.png
64a,རེ་བཞི་,https://iiif.bdrc.io/bdr:V23703_I1421::14210129.tif/full/max/0/default.png
64b,None,https://iiif.bdrc.io/bdr:V23703_I1421::14210130.tif/full/max/0/default.png
65a,རེ་ལྔ་,https://iiif.bdrc.io/bdr:V23703_I1421::14210131.tif/full/max/0/default.png
65b,None,https://iiif.bdrc.io/bdr:V23703_I1421::14210132.tif/full/max/0/default.png
66a,རེ་དྲུག་,https://iiif.bdrc.io/bdr:V23703_I1421::14210133.tif/full/max/0/default.png
66b,None,https://iiif.bdrc.io/bdr:V23703_I1421::14210134.tif/full/max/0/default.png
67a,རེ་བདུན་,https://iiif.bdrc.io/bdr:V23703_I1421::14210135.tif/full/max/0/default.png
67b,None,https://iiif.bdrc.io/bdr:V23703_I1421::14210136.tif/full/max/0/default.png
68a,རེ་བརྒྱད་,https://iiif.bdrc.io/bdr:V23703_I1421::14210137.tif/full/max/0/default.png
68b,None,https://iiif.bdrc.io/bdr:V23703_I1421::14210138.tif/full/max/0/default.png
69a,རེ་དགུ་,https://iiif.bdrc.io/bdr:V23703_I1421::14210139.tif/full/max/0/default.png
69b,None,https://iiif.bdrc.io/bdr:V23703_I1421::14210140.tif/full/max/0/default.png
70a,བདུན་བཅུ་,https://iiif.bdrc.io/bdr:V23703_I1421::14210141.tif/full/max/0/default.png
70b,None,https://iiif.bdrc.io/bdr:V23703_I1421::14210142.tif/full/max/0/default.png
71a,དོན་གཅིག་,https://iiif.bdrc.io/bdr:V23703_I1421::14210143.tif/full/max/0/default.png
71b,None,https://iiif.bdrc.io/bdr:V23703_I1421::14210144.tif/full/max/0/default.png
72a,དོན་གཉིས་,https://iiif.bdrc.io/bdr:V23703_I1421::14210145.tif/full/max/0/default.png
72b,None,https://iiif.bdrc.io/bdr:V23703_I1421::14210146.tif/full/max/0/default.png
73a,དོན་གསུམ་,https://iiif.bdrc.io/bdr:V23703_I1421::14210147.tif/full/max/0/default.png
73b,None,https://iiif.bdrc.io/bdr:V23703_I1421::14210148.tif/full/max/0/default.png
74a,དོན་བཞི་,https://iiif.bdrc.io/bdr:V23703_I1421::14210149.tif/full/max/0/default.png
74b,None,https://iiif.bdrc.io/bdr:V23703_I1421::14210150.tif/full/max/0/default.png
75a,དོན་ལྔ་,https://iiif.bdrc.io/bdr:V23703_I1421::14210151.tif/full/max/0/default.png
75b,None,https://iiif.bdrc.io/bdr:V23703_I1421::14210152.tif/full/max/0/default.png
76a,དོན་དྲུག་,https://iiif.bdrc.io/bdr:V23703_I1421::14210153.tif/full/max/0/default.png
76b,None,https://iiif.bdrc.io/bdr:V23703_I1421::14210154.tif/full/max/0/default.png
77a,དོན་བདུན་,https://iiif.bdrc.io/bdr:V23703_I1421::14210155.tif/full/max/0/default.png
77b,None,https://iiif.bdrc.io/bdr:V23703_I1421::14210156.tif/full/max/0/default.png
78a,དོན་བརྒྱད་,https://iiif.bdrc.io/bdr:V23703_I1421::14210157.tif/full/max/0/default.png
78b,None,https://iiif.bdrc.io/bdr:V23703_I1421::14210158.tif/full/max/0/default.png
79a,དོན་དགུ་,https://iiif.bdrc.io/bdr:V23703_I1421::14210159.tif/full/max/0/default.png
79b,None,https://iiif.bdrc.io/bdr:V23703_I1421::14210160.tif/full/max/0/default.png
80a,བརྒྱད་བཅུ་,https://iiif.bdrc.io/bdr:V23703_I1421::14210161.tif/full/max/0/default.png
80b,None,https://iiif.bdrc.io/bdr:V23703_I1421::14210162.tif/full/max/0/default.png
81a,གྱ་གཅིག་,https://iiif.bdrc.io/bdr:V23703_I1421::14210163.tif/full/max/0/default.png
81b,None,https://iiif.bdrc.io/bdr:V23703_I1421::14210164.tif/full/max/0/default.png
82a,གྱ་གཉིས་,https://iiif.bdrc.io/bdr:V23703_I1421::14210165.tif/full/max/0/default.png
82b,None,https://iiif.bdrc.io/bdr:V23703_I1421::14210166.tif/full/max/0/default.png
83a,གྱ་གསུམ་,https://iiif.bdrc.io/bdr:V23703_I1421::14210167.tif/full/max/0/default.png
83b,None,https://iiif.bdrc.io/bdr:V23703_I1421::14210168.tif/full/max/0/default.png
84a,གྱ་བཞི་,https://iiif.bdrc.io/bdr:V23703_I1421::14210169.tif/full/max/0/default.png
84b,None,https://iiif.bdrc.io/bdr:V23703_I1421::14210170.tif/full/max/0/default.png
85a,གྱ་ལྔ་,https://iiif.bdrc.io/bdr:V23703_I1421::14210171.tif/full/max/0/default.png
85b,None,https://iiif.bdrc.io/bdr:V23703_I1421::14210172.tif/full/max/0/default.png
86a,གྱ་དྲུག་,https://iiif.bdrc.io/bdr:V23703_I1421::14210173.tif/full/max/0/default.png
86b,None,https://iiif.bdrc.io/bdr:V23703_I1421::14210174.tif/full/max/0/default.png
87a,གྱ་བདུན་,https://iiif.bdrc.io/bdr:V23703_I1421::14210175.tif/full/max/0/default.png
87b,None,https://iiif.bdrc.io/bdr:V23703_I1421::14210176.tif/full/max/0/default.png
88a,གྱ་བརྒྱད་,https://iiif.bdrc.io/bdr:V23703_I1421::14210177.tif/full/max/0/default.png
88b,None,https://iiif.bdrc.io/bdr:V23703_I1421::14210178.tif/full/max/0/default.png
89a,གྱ་དགུ་,https://iiif.bdrc.io/bdr:V23703_I1421::14210179.tif/full/max/0/default.png
89b,None,https://iiif.bdrc.io/bdr:V23703_I1421::14210180.tif/full/max/0/default.png
90a,དགུ་བཅུ་,https://iiif.bdrc.io/bdr:V23703_I1421::14210181.tif/full/max/0/default.png
90b,None,https://iiif.bdrc.io/bdr:V23703_I1421::14210182.tif/full/max/0/default.png
91a,གོ་གཅིག་,https://iiif.bdrc.io/bdr:V23703_I1421::14210183.tif/full/max/0/default.png
91b,None,https://iiif.bdrc.io/bdr:V23703_I1421::14210184.tif/full/max/0/default.png
92a,གོ་གཉིས་,https://iiif.bdrc.io/bdr:V23703_I1421::14210185.tif/full/max/0/default.png
92b,None,https://iiif.bdrc.io/bdr:V23703_I1421::14210186.tif/full/max/0/default.png
93a,གོ་གསུམ་,https://iiif.bdrc.io/bdr:V23703_I1421::14210187.tif/full/max/0/default.png
93b,None,https://iiif.bdrc.io/bdr:V23703_I1421::14210188.tif/full/max/0/default.png
94a,གོ་བཞི་,https://iiif.bdrc.io/bdr:V23703_I1421::14210189.tif/full/max/0/default.png
94b,None,https://iiif.bdrc.io/bdr:V23703_I1421::14210190.tif/full/max/0/default.png
95a,གོ་ལྔ་,https://iiif.bdrc.io/bdr:V23703_I1421::14210191.tif/full/max/0/default.png
95b,None,https://iiif.bdrc.io/bdr:V23703_I1421::14210192.tif/full/max/0/default.png
96a,གོ་དྲུག་,https://iiif.bdrc.io/bdr:V23703_I1421::14210193.tif/full/max/0/default.png
96b,None,https://iiif.bdrc.io/bdr:V23703_I1421::14210194.tif/full/max/0/default.png
97a,གོ་བདུན་,https://iiif.bdrc.io/bdr:V23703_I1421::14210195.tif/full/max/0/default.png
97b,None,https://iiif.bdrc.io/bdr:V23703_I1421::14210196.tif/full/max/0/default.png
98a,གོ་བརྒྱད་,https://iiif.bdrc.io/bdr:V23703_I1421::14210197.tif/full/max/0/default.png
98b,None,https://iiif.bdrc.io/bdr:V23703_I1421::14210198.tif/full/max/0/default.png
99a,གོ་དགུ་,https://iiif.bdrc.io/bdr:V23703_I1421::14210199.tif/full/max/0/default.png
99b,None,https://iiif.bdrc.io/bdr:V23703_I1421::14210200.tif/full/max/0/default.png
100a,བརྒྱ་,https://iiif.bdrc.io/bdr:V23703_I1421::14210201.tif/full/max/0/default.png
100b,None,https://iiif.bdrc.io/bdr:V23703_I1421::14210202.tif/full/max/0/default.png
101a,བརྒྱ་ གཅིག་,https://iiif.bdrc.io/bdr:V23703_I1421::14210203.tif/full/max/0/default.png
101b,None,https://iiif.bdrc.io/bdr:V23703_I1421::14210204.tif/full/max/0/default.png
102a,བརྒྱ་ གཉིས་,https://iiif.bdrc.io/bdr:V23703_I1421::14210205.tif/full/max/0/default.png
102b,None,https://iiif.bdrc.io/bdr:V23703_I1421::14210206.tif/full/max/0/default.png
103a,བརྒྱ་ གསུམ་,https://iiif.bdrc.io/bdr:V23703_I1421::14210207.tif/full/max/0/default.png
103b,None,https://iiif.bdrc.io/bdr:V23703_I1421::14210208.tif/full/max/0/default.png
104a,བརྒྱ་ བཞི་,https://iiif.bdrc.io/bdr:V23703_I1421::14210209.tif/full/max/0/default.png
104b,None,https://iiif.bdrc.io/bdr:V23703_I1421::14210210.tif/full/max/0/default.png
105a,བརྒྱ་ ལྔ་,https://iiif.bdrc.io/bdr:V23703_I1421::14210211.tif/full/max/0/default.png
105b,None,https://iiif.bdrc.io/bdr:V23703_I1421::14210212.tif/full/max/0/default.png
106a,བརྒྱ་ དྲུག་,https://iiif.bdrc.io/bdr:V23703_I1421::14210213.tif/full/max/0/default.png
106b,None,https://iiif.bdrc.io/bdr:V23703_I1421::14210214.tif/full/max/0/default.png
107a,བརྒྱ་ བདུན་,https://iiif.bdrc.io/bdr:V23703_I1421::14210215.tif/full/max/0/default.png
107b,None,https://iiif.bdrc.io/bdr:V23703_I1421::14210216.tif/full/max/0/default.png
108a,བརྒྱ་ བརྒྱད་,https://iiif.bdrc.io/bdr:V23703_I1421::14210217.tif/full/max/0/default.png
108b,None,https://iiif.bdrc.io/bdr:V23703_I1421::14210218.tif/full/max/0/default.png
109a,བརྒྱ་ དགུ་,https://iiif.bdrc.io/bdr:V23703_I1421::14210219.tif/full/max/0/default.png
109b,None,https://iiif.bdrc.io/bdr:V23703_I1421::14210220.tif/full/max/0/default.png
110a,བརྒྱ་ བཅུ་,https://iiif.bdrc.io/bdr:V23703_I1421::14210221.tif/full/max/0/default.png
110b,None,https://iiif.bdrc.io/bdr:V23703_I1421::14210222.tif/full/max/0/default.png
111a,བརྒྱ་ བཅུ་གཅིག་,https://iiif.bdrc.io/bdr:V23703_I1421::14210223.tif/full/max/0/default.png
111b,None,https://iiif.bdrc.io/bdr:V23703_I1421::14210224.tif/full/max/0/default.png
112a,བརྒྱ་ བཅུ་གཉིས་,https://iiif.bdrc.io/bdr:V23703_I1421::14210225.tif/full/max/0/default.png
112b,None,https://iiif.bdrc.io/bdr:V23703_I1421::14210226.tif/full/max/0/default.png
113a,བརྒྱ་ བཅུ་གསུམ་,https://iiif.bdrc.io/bdr:V23703_I1421::14210227.tif/full/max/0/default.png
113b,None,https://iiif.bdrc.io/bdr:V23703_I1421::14210228.tif/full/max/0/default.png
114a,བརྒྱ་ བཅུ་བཞི་,https://iiif.bdrc.io/bdr:V23703_I1421::14210229.tif/full/max/0/default.png
114b,None,https://iiif.bdrc.io/bdr:V23703_I1421::14210230.tif/full/max/0/default.png
115a,བརྒྱ་ བཅོ་ལྔ་,https://iiif.bdrc.io/bdr:V23703_I1421::14210231.tif/full/max/0/default.png
115b,None,https://iiif.bdrc.io/bdr:V23703_I1421::14210232.tif/full/max/0/default.png
116a,བརྒྱ་ བཅུ་དྲུག་,https://iiif.bdrc.io/bdr:V23703_I1421::14210233.tif/full/max/0/default.png
116b,None,https://iiif.bdrc.io/bdr:V23703_I1421::14210234.tif/full/max/0/default.png
117a,བརྒྱ་ བཅུ་བདུན་,https://iiif.bdrc.io/bdr:V23703_I1421::14210235.tif/full/max/0/default.png
117b,None,https://iiif.bdrc.io/bdr:V23703_I1421::14210236.tif/full/max/0/default.png
118a,བརྒྱ་ བཅོ་བརྒྱད་,https://iiif.bdrc.io/bdr:V23703_I1421::14210237.tif/full/max/0/default.png
118b,None,https://iiif.bdrc.io/bdr:V23703_I1421::14210238.tif/full/max/0/default.png
119a,བརྒྱ་ བཅུ་དགུ་,https://iiif.bdrc.io/bdr:V23703_I1421::14210239.tif/full/max/0/default.png
119b,None,https://iiif.bdrc.io/bdr:V23703_I1421::14210240.tif/full/max/0/default.png
120a,བརྒྱ་ ཉི་ཤུ,https://iiif.bdrc.io/bdr:V23703_I1421::14210241.tif/full/max/0/default.png
120b,None,https://iiif.bdrc.io/bdr:V23703_I1421::14210242.tif/full/max/0/default.png
121a,བརྒྱ་ ཉེར་གཅིག་,https://iiif.bdrc.io/bdr:V23703_I1421::14210243.tif/full/max/0/default.png
121b,None,https://iiif.bdrc.io/bdr:V23703_I1421::14210244.tif/full/max/0/default.png
122a,བརྒྱ་ ཉེར་གཉིས་,https://iiif.bdrc.io/bdr:V23703_I1421::14210245.tif/full/max/0/default.png
122b,None,https://iiif.bdrc.io/bdr:V23703_I1421::14210246.tif/full/max/0/default.png
123a,བརྒྱ་ ཉེར་གསུམ་,https://iiif.bdrc.io/bdr:V23703_I1421::14210247.tif/full/max/0/default.png
123b,None,https://iiif.bdrc.io/bdr:V23703_I1421::14210248.tif/full/max/0/default.png
124a,བརྒྱ་ ཉེར་བཞི་,https://iiif.bdrc.io/bdr:V23703_I1421::14210249.tif/full/max/0/default.png
124b,None,https://iiif.bdrc.io/bdr:V23703_I1421::14210250.tif/full/max/0/default.png
125a,བརྒྱ་ ཉེར་ལྔ་,https://iiif.bdrc.io/bdr:V23703_I1421::14210251.tif/full/max/0/default.png
125b,None,https://iiif.bdrc.io/bdr:V23703_I1421::14210252.tif/full/max/0/default.png
126a,བརྒྱ་ ཉེར་དྲུག་,https://iiif.bdrc.io/bdr:V23703_I1421::14210253.tif/full/max/0/default.png
126b,None,https://iiif.bdrc.io/bdr:V23703_I1421::14210254.tif/full/max/0/default.png
127a,བརྒྱ་ ཉེར་བདུན་,https://iiif.bdrc.io/bdr:V23703_I1421::14210255.tif/full/max/0/default.png
127b,None,https://iiif.bdrc.io/bdr:V23703_I1421::14210256.tif/full/max/0/default.png
128a,བརྒྱ་ ཉེར་བརྒྱད་,https://iiif.bdrc.io/bdr:V23703_I1421::14210257.tif/full/max/0/default.png
128b,None,https://iiif.bdrc.io/bdr:V23703_I1421::14210258.tif/full/max/0/default.png
129a,བརྒྱ་ ཉེར་དགུ་,https://iiif.bdrc.io/bdr:V23703_I1421::14210259.tif/full/max/0/default.png
129b,None,https://iiif.bdrc.io/bdr:V23703_I1421::14210260.tif/full/max/0/default.png
130a,བརྒྱ་ སུམ་བཅུ་,https://iiif.bdrc.io/bdr:V23703_I1421::14210261.tif/full/max/0/default.png
130b,None,https://iiif.bdrc.io/bdr:V23703_I1421::14210262.tif/full/max/0/default.png
131a,བརྒྱ་ སོ་གཅིག་,https://iiif.bdrc.io/bdr:V23703_I1421::14210263.tif/full/max/0/default.png
131b,None,https://iiif.bdrc.io/bdr:V23703_I1421::14210264.tif/full/max/0/default.png
132a,བརྒྱ་ སོ་གཉིས་,https://iiif.bdrc.io/bdr:V23703_I1421::14210265.tif/full/max/0/default.png
132b,None,https://iiif.bdrc.io/bdr:V23703_I1421::14210266.tif/full/max/0/default.png
133a,བརྒྱ་ སོ་གསུམ་,https://iiif.bdrc.io/bdr:V23703_I1421::14210267.tif/full/max/0/default.png
133b,None,https://iiif.bdrc.io/bdr:V23703_I1421::14210268.tif/full/max/0/default.png
134a,བརྒྱ་ སོ་བཞི་,https://iiif.bdrc.io/bdr:V23703_I1421::14210269.tif/full/max/0/default.png
134b,None,https://iiif.bdrc.io/bdr:V23703_I1421::14210270.tif/full/max/0/default.png
135a,བརྒྱ་ སོ་ལྔ་,https://iiif.bdrc.io/bdr:V23703_I1421::14210271.tif/full/max/0/default.png
135b,None,https://iiif.bdrc.io/bdr:V23703_I1421::14210272.tif/full/max/0/default.png
136a,བརྒྱ་ སོ་དྲུག་,https://iiif.bdrc.io/bdr:V23703_I1421::14210273.tif/full/max/0/default.png
136b,None,https://iiif.bdrc.io/bdr:V23703_I1421::14210274.tif/full/max/0/default.png
137a,བརྒྱ་ སོ་བདུན་,https://iiif.bdrc.io/bdr:V23703_I1421::14210275.tif/full/max/0/default.png
137b,None,https://iiif.bdrc.io/bdr:V23703_I1421::14210276.tif/full/max/0/default.png
138a,བརྒྱ་ སོ་བརྒྱད་,https://iiif.bdrc.io/bdr:V23703_I1421::14210277.tif/full/max/0/default.png
138b,None,https://iiif.bdrc.io/bdr:V23703_I1421::14210278.tif/full/max/0/default.png
139a,བརྒྱ་ སོ་དགུ་,https://iiif.bdrc.io/bdr:V23703_I1421::14210279.tif/full/max/0/default.png
139b,None,https://iiif.bdrc.io/bdr:V23703_I1421::14210280.tif/full/max/0/default.png
140a,བརྒྱ་ བཞི་བཅུ་,https://iiif.bdrc.io/bdr:V23703_I1421::14210281.tif/full/max/0/default.png
140b,None,https://iiif.bdrc.io/bdr:V23703_I1421::14210282.tif/full/max/0/default.png
141a,བརྒྱ་ ཞེ་གཅིག་,https://iiif.bdrc.io/bdr:V23703_I1421::14210283.tif/full/max/0/default.png
141b,None,https://iiif.bdrc.io/bdr:V23703_I1421::14210284.tif/full/max/0/default.png
142a,བརྒྱ་ ཞེ་གཉིས་,https://iiif.bdrc.io/bdr:V23703_I1421::14210285.tif/full/max/0/default.png
142b,None,https://iiif.bdrc.io/bdr:V23703_I1421::14210286.tif/full/max/0/default.png
143a,བརྒྱ་ ཞེ་གསུམ་,https://iiif.bdrc.io/bdr:V23703_I1421::14210287.tif/full/max/0/default.png
143b,None,https://iiif.bdrc.io/bdr:V23703_I1421::14210288.tif/full/max/0/default.png
144a,བརྒྱ་ ཞེ་བཞི་,https://iiif.bdrc.io/bdr:V23703_I1421::14210289.tif/full/max/0/default.png
144b,None,https://iiif.bdrc.io/bdr:V23703_I1421::14210290.tif/full/max/0/default.png
145a,བརྒྱ་ ཞེ་ལྔ་,https://iiif.bdrc.io/bdr:V23703_I1421::14210291.tif/full/max/0/default.png
145b,None,https://iiif.bdrc.io/bdr:V23703_I1421::14210292.tif/full/max/0/default.png
146a,བརྒྱ་ ཞེ་དྲུག་,https://iiif.bdrc.io/bdr:V23703_I1421::14210293.tif/full/max/0/default.png
146b,None,https://iiif.bdrc.io/bdr:V23703_I1421::14210294.tif/full/max/0/default.png
147a,བརྒྱ་ ཞེ་བདུན་,https://iiif.bdrc.io/bdr:V23703_I1421::14210295.tif/full/max/0/default.png
147b,None,https://iiif.bdrc.io/bdr:V23703_I1421::14210296.tif/full/max/0/default.png
148a,བརྒྱ་ ཞེ་བརྒྱད་,https://iiif.bdrc.io/bdr:V23703_I1421::14210297.tif/full/max/0/default.png
148b,None,https://iiif.bdrc.io/bdr:V23703_I1421::14210298.tif/full/max/0/default.png
149a,བརྒྱ་ ཞེ་དགུ་,https://iiif.bdrc.io/bdr:V23703_I1421::14210299.tif/full/max/0/default.png
149b,None,https://iiif.bdrc.io/bdr:V23703_I1421::14210300.tif/full/max/0/default.png
150a,བརྒྱ་ ལྔ་བཅུ་,https://iiif.bdrc.io/bdr:V23703_I1421::14210301.tif/full/max/0/default.png
150b,None,https://iiif.bdrc.io/bdr:V23703_I1421::14210302.tif/full/max/0/default.png
151a,བརྒྱ་ ང་གཅིག་,https://iiif.bdrc.io/bdr:V23703_I1421::14210303.tif/full/max/0/default.png
151b,None,https://iiif.bdrc.io/bdr:V23703_I1421::14210304.tif/full/max/0/default.png
152a,བརྒྱ་ ང་གཉིས་,https://iiif.bdrc.io/bdr:V23703_I1421::14210305.tif/full/max/0/default.png
152b,None,https://iiif.bdrc.io/bdr:V23703_I1421::14210306.tif/full/max/0/default.png
153a,བརྒྱ་ ང་གསུམ་,https://iiif.bdrc.io/bdr:V23703_I1421::14210307.tif/full/max/0/default.png
153b,None,https://iiif.bdrc.io/bdr:V23703_I1421::14210308.tif/full/max/0/default.png
154a,བརྒྱ་ ང་བཞི་,https://iiif.bdrc.io/bdr:V23703_I1421::14210309.tif/full/max/0/default.png
154b,None,https://iiif.bdrc.io/bdr:V23703_I1421::14210310.tif/full/max/0/default.png
155a,བརྒྱ་ ང་ལྔ་,https://iiif.bdrc.io/bdr:V23703_I1421::14210311.tif/full/max/0/default.png
155b,None,https://iiif.bdrc.io/bdr:V23703_I1421::14210312.tif/full/max/0/default.png
156a,བརྒྱ་ ང་དྲུག་,https://iiif.bdrc.io/bdr:V23703_I1421::14210313.tif/full/max/0/default.png
156b,None,https://iiif.bdrc.io/bdr:V23703_I1421::14210314.tif/full/max/0/default.png
157a,བརྒྱ་ ང་བདུན་,https://iiif.bdrc.io/bdr:V23703_I1421::14210315.tif/full/max/0/default.png
157b,None,https://iiif.bdrc.io/bdr:V23703_I1421::14210316.tif/full/max/0/default.png
158a,བརྒྱ་ ང་བརྒྱད་,https://iiif.bdrc.io/bdr:V23703_I1421::14210317.tif/full/max/0/default.png
158b,None,https://iiif.bdrc.io/bdr:V23703_I1421::14210318.tif/full/max/0/default.png
159a,བརྒྱ་ ང་དགུ་,https://iiif.bdrc.io/bdr:V23703_I1421::14210319.tif/full/max/0/default.png
159b,None,https://iiif.bdrc.io/bdr:V23703_I1421::14210320.tif/full/max/0/default.png
160a,བརྒྱ་ དྲུག་བཅུ་,https://iiif.bdrc.io/bdr:V23703_I1421::14210321.tif/full/max/0/default.png
160b,None,https://iiif.bdrc.io/bdr:V23703_I1421::14210322.tif/full/max/0/default.png
161a,བརྒྱ་ རེ་གཅིག་,https://iiif.bdrc.io/bdr:V23703_I1421::14210323.tif/full/max/0/default.png
161b,None,https://iiif.bdrc.io/bdr:V23703_I1421::14210324.tif/full/max/0/default.png
162a,བརྒྱ་ རེ་གཉིས་,https://iiif.bdrc.io/bdr:V23703_I1421::14210325.tif/full/max/0/default.png
162b,None,https://iiif.bdrc.io/bdr:V23703_I1421::14210326.tif/full/max/0/default.png
163a,བརྒྱ་ རེ་གསུམ་,https://iiif.bdrc.io/bdr:V23703_I1421::14210327.tif/full/max/0/default.png
163b,None,https://iiif.bdrc.io/bdr:V23703_I1421::14210328.tif/full/max/0/default.png
164a,བརྒྱ་ རེ་བཞི་,https://iiif.bdrc.io/bdr:V23703_I1421::14210329.tif/full/max/0/default.png
164b,None,https://iiif.bdrc.io/bdr:V23703_I1421::14210330.tif/full/max/0/default.png
165a,བརྒྱ་ རེ་ལྔ་,https://iiif.bdrc.io/bdr:V23703_I1421::14210331.tif/full/max/0/default.png
165b,None,https://iiif.bdrc.io/bdr:V23703_I1421::14210332.tif/full/max/0/default.png
166a,བརྒྱ་ རེ་དྲུག་,https://iiif.bdrc.io/bdr:V23703_I1421::14210333.tif/full/max/0/default.png
166b,None,https://iiif.bdrc.io/bdr:V23703_I1421::14210334.tif/full/max/0/default.png
167a,བརྒྱ་ རེ་བདུན་,https://iiif.bdrc.io/bdr:V23703_I1421::14210335.tif/full/max/0/default.png
167b,None,https://iiif.bdrc.io/bdr:V23703_I1421::14210336.tif/full/max/0/default.png
168a,བརྒྱ་ རེ་བརྒྱད་,https://iiif.bdrc.io/bdr:V23703_I1421::14210337.tif/full/max/0/default.png
168b,None,https://iiif.bdrc.io/bdr:V23703_I1421::14210338.tif/full/max/0/default.png
169a,བརྒྱ་ རེ་དགུ་,https://iiif.bdrc.io/bdr:V23703_I1421::14210339.tif/full/max/0/default.png
169b,None,https://iiif.bdrc.io/bdr:V23703_I1421::14210340.tif/full/max/0/default.png
170a,བརྒྱ་ བདུན་བཅུ་,https://iiif.bdrc.io/bdr:V23703_I1421::14210341.tif/full/max/0/default.png
170b,None,https://iiif.bdrc.io/bdr:V23703_I1421::14210342.tif/full/max/0/default.png
171a,བརྒྱ་ དོན་གཅིག་,https://iiif.bdrc.io/bdr:V23703_I1421::14210343.tif/full/max/0/default.png
171b,None,https://iiif.bdrc.io/bdr:V23703_I1421::14210344.tif/full/max/0/default.png
172a,བརྒྱ་ དོན་གཉིས་,https://iiif.bdrc.io/bdr:V23703_I1421::14210345.tif/full/max/0/default.png
172b,None,https://iiif.bdrc.io/bdr:V23703_I1421::14210346.tif/full/max/0/default.png
173a,བརྒྱ་ དོན་གསུམ་,https://iiif.bdrc.io/bdr:V23703_I1421::14210347.tif/full/max/0/default.png
173b,None,https://iiif.bdrc.io/bdr:V23703_I1421::14210348.tif/full/max/0/default.png
174a,བརྒྱ་ དོན་བཞི་,https://iiif.bdrc.io/bdr:V23703_I1421::14210349.tif/full/max/0/default.png
174b,None,https://iiif.bdrc.io/bdr:V23703_I1421::14210350.tif/full/max/0/default.png
175a,བརྒྱ་ དོན་ལྔ་,https://iiif.bdrc.io/bdr:V23703_I1421::14210351.tif/full/max/0/default.png
175b,None,https://iiif.bdrc.io/bdr:V23703_I1421::14210352.tif/full/max/0/default.png
176a,བརྒྱ་ དོན་དྲུག་,https://iiif.bdrc.io/bdr:V23703_I1421::14210353.tif/full/max/0/default.png
176b,None,https://iiif.bdrc.io/bdr:V23703_I1421::14210354.tif/full/max/0/default.png
177a,བརྒྱ་ དོན་བདུན་,https://iiif.bdrc.io/bdr:V23703_I1421::14210355.tif/full/max/0/default.png
177b,None,https://iiif.bdrc.io/bdr:V23703_I1421::14210356.tif/full/max/0/default.png
178a,བརྒྱ་ དོན་བརྒྱད་,https://iiif.bdrc.io/bdr:V23703_I1421::14210357.tif/full/max/0/default.png
178b,None,https://iiif.bdrc.io/bdr:V23703_I1421::14210358.tif/full/max/0/default.png
179a,བརྒྱ་ དོན་དགུ་,https://iiif.bdrc.io/bdr:V23703_I1421::14210359.tif/full/max/0/default.png
179b,None,https://iiif.bdrc.io/bdr:V23703_I1421::14210360.tif/full/max/0/default.png
180a,བརྒྱ་ བརྒྱད་བཅུ་,https://iiif.bdrc.io/bdr:V23703_I1421::14210361.tif/full/max/0/default.png
180b,None,https://iiif.bdrc.io/bdr:V23703_I1421::14210362.tif/full/max/0/default.png
181a,བརྒྱ་ གྱ་གཅིག་,https://iiif.bdrc.io/bdr:V23703_I1421::14210363.tif/full/max/0/default.png
181b,None,https://iiif.bdrc.io/bdr:V23703_I1421::14210364.tif/full/max/0/default.png
182a,བརྒྱ་ གྱ་གཉིས་,https://iiif.bdrc.io/bdr:V23703_I1421::14210365.tif/full/max/0/default.png
182b,None,https://iiif.bdrc.io/bdr:V23703_I1421::14210366.tif/full/max/0/default.png
183a,བརྒྱ་ གྱ་གསུམ་,https://iiif.bdrc.io/bdr:V23703_I1421::14210367.tif/full/max/0/default.png
183b,None,https://iiif.bdrc.io/bdr:V23703_I1421::14210368.tif/full/max/0/default.png
184a,བརྒྱ་ གྱ་བཞི་,https://iiif.bdrc.io/bdr:V23703_I1421::14210369.tif/full/max/0/default.png
184b,None,https://iiif.bdrc.io/bdr:V23703_I1421::14210370.tif/full/max/0/default.png
185a,བརྒྱ་ གྱ་ལྔ་,https://iiif.bdrc.io/bdr:V23703_I1421::14210371.tif/full/max/0/default.png
185b,None,https://iiif.bdrc.io/bdr:V23703_I1421::14210372.tif/full/max/0/default.png
186a,བརྒྱ་ གྱ་དྲུག་,https://iiif.bdrc.io/bdr:V23703_I1421::14210373.tif/full/max/0/default.png
186b,None,https://iiif.bdrc.io/bdr:V23703_I1421::14210374.tif/full/max/0/default.png
187a,བརྒྱ་ གྱ་བདུན་,https://iiif.bdrc.io/bdr:V23703_I1421::14210375.tif/full/max/0/default.png
187b,None,https://iiif.bdrc.io/bdr:V23703_I1421::14210376.tif/full/max/0/default.png
188a,བརྒྱ་ གྱ་བརྒྱད་,https://iiif.bdrc.io/bdr:V23703_I1421::14210377.tif/full/max/0/default.png
188b,None,https://iiif.bdrc.io/bdr:V23703_I1421::14210378.tif/full/max/0/default.png
189a,བརྒྱ་ གྱ་དགུ་,https://iiif.bdrc.io/bdr:V23703_I1421::14210379.tif/full/max/0/default.png
189b,None,https://iiif.bdrc.io/bdr:V23703_I1421::14210380.tif/full/max/0/default.png
190a,བརྒྱ་ དགུ་བཅུ་,https://iiif.bdrc.io/bdr:V23703_I1421::14210381.tif/full/max/0/default.png
190b,None,https://iiif.bdrc.io/bdr:V23703_I1421::14210382.tif/full/max/0/default.png
191a,བརྒྱ་ གོ་གཅིག་,https://iiif.bdrc.io/bdr:V23703_I1421::14210383.tif/full/max/0/default.png
191b,None,https://iiif.bdrc.io/bdr:V23703_I1421::14210384.tif/full/max/0/default.png
192a,བརྒྱ་ གོ་གཉིས་,https://iiif.bdrc.io/bdr:V23703_I1421::14210385.tif/full/max/0/default.png
192b,None,https://iiif.bdrc.io/bdr:V23703_I1421::14210386.tif/full/max/0/default.png
193a,བརྒྱ་ གོ་གསུམ་,https://iiif.bdrc.io/bdr:V23703_I1421::14210387.tif/full/max/0/default.png
193b,None,https://iiif.bdrc.io/bdr:V23703_I1421::14210388.tif/full/max/0/default.png
194a,བརྒྱ་ གོ་བཞི་,https://iiif.bdrc.io/bdr:V23703_I1421::14210389.tif/full/max/0/default.png
194b,None,https://iiif.bdrc.io/bdr:V23703_I1421::14210390.tif/full/max/0/default.png
195a,བརྒྱ་ གོ་ལྔ་,https://iiif.bdrc.io/bdr:V23703_I1421::14210391.tif/full/max/0/default.png
195b,None,https://iiif.bdrc.io/bdr:V23703_I1421::14210392.tif/full/max/0/default.png
196a,བརྒྱ་ གོ་དྲུག་,https://iiif.bdrc.io/bdr:V23703_I1421::14210393.tif/full/max/0/default.png
196b,None,https://iiif.bdrc.io/bdr:V23703_I1421::14210394.tif/full/max/0/default.png
197a,བརྒྱ་ གོ་བདུན་,https://iiif.bdrc.io/bdr:V23703_I1421::14210395.tif/full/max/0/default.png
197b,None,https://iiif.bdrc.io/bdr:V23703_I1421::14210396.tif/full/max/0/default.png
198a,བརྒྱ་ གོ་བརྒྱད་,https://iiif.bdrc.io/bdr:V23703_I1421::14210397.tif/full/max/0/default.png
198b,None,https://iiif.bdrc.io/bdr:V23703_I1421::14210398.tif/full/max/0/default.png
199a,བརྒྱ་ གོ་དགུ་,https://iiif.bdrc.io/bdr:V23703_I1421::14210399.tif/full/max/0/default.png
199b,None,https://iiif.bdrc.io/bdr:V23703_I1421::14210400.tif/full/max/0/default.png
200a,གཉིས་བརྒྱ་,https://iiif.bdrc.io/bdr:V23703_I1421::14210401.tif/full/max/0/default.png
200b,None,https://iiif.bdrc.io/bdr:V23703_I1421::14210402.tif/full/max/0/default.png
201a,གཉིས་བརྒྱ་ གཅིག་,https://iiif.bdrc.io/bdr:V23703_I1421::14210403.tif/full/max/0/default.png
201b,None,https://iiif.bdrc.io/bdr:V23703_I1421::14210404.tif/full/max/0/default.png
202a,གཉིས་བརྒྱ་ གཉིས་,https://iiif.bdrc.io/bdr:V23703_I1421::14210405.tif/full/max/0/default.png
202b,None,https://iiif.bdrc.io/bdr:V23703_I1421::14210406.tif/full/max/0/default.png
203a,གཉིས་བརྒྱ་ གསུམ་,https://iiif.bdrc.io/bdr:V23703_I1421::14210407.tif/full/max/0/default.png
203b,None,https://iiif.bdrc.io/bdr:V23703_I1421::14210408.tif/full/max/0/default.png
204a,གཉིས་བརྒྱ་ བཞི་,https://iiif.bdrc.io/bdr:V23703_I1421::14210409.tif/full/max/0/default.png
204b,None,https://iiif.bdrc.io/bdr:V23703_I1421::14210410.tif/full/max/0/default.png
205a,གཉིས་བརྒྱ་ ལྔ་,https://iiif.bdrc.io/bdr:V23703_I1421::14210411.tif/full/max/0/default.png
205b,None,https://iiif.bdrc.io/bdr:V23703_I1421::14210412.tif/full/max/0/default.png
206a,གཉིས་བརྒྱ་ དྲུག་,https://iiif.bdrc.io/bdr:V23703_I1421::14210413.tif/full/max/0/default.png
206b,None,https://iiif.bdrc.io/bdr:V23703_I1421::14210414.tif/full/max/0/default.png
207a,གཉིས་བརྒྱ་ བདུན་,https://iiif.bdrc.io/bdr:V23703_I1421::14210415.tif/full/max/0/default.png
207b,None,https://iiif.bdrc.io/bdr:V23703_I1421::14210416.tif/full/max/0/default.png
208a,གཉིས་བརྒྱ་ བརྒྱད་,https://iiif.bdrc.io/bdr:V23703_I1421::14210417.tif/full/max/0/default.png
208b,None,https://iiif.bdrc.io/bdr:V23703_I1421::14210418.tif/full/max/0/default.png
209a,གཉིས་བརྒྱ་ དགུ་,https://iiif.bdrc.io/bdr:V23703_I1421::14210419.tif/full/max/0/default.png
209b,None,https://iiif.bdrc.io/bdr:V23703_I1421::14210420.tif/full/max/0/default.png
210a,གཉིས་བརྒྱ་ བཅུ་,https://iiif.bdrc.io/bdr:V23703_I1421::14210421.tif/full/max/0/default.png
210b,None,https://iiif.bdrc.io/bdr:V23703_I1421::14210422.tif/full/max/0/default.png
211a,གཉིས་བརྒྱ་ བཅུ་གཅིག་,https://iiif.bdrc.io/bdr:V23703_I1421::14210423.tif/full/max/0/default.png
211b,None,https://iiif.bdrc.io/bdr:V23703_I1421::14210424.tif/full/max/0/default.png
212a,གཉིས་བརྒྱ་ བཅུ་གཉིས་,https://iiif.bdrc.io/bdr:V23703_I1421::14210425.tif/full/max/0/default.png
212b,None,https://iiif.bdrc.io/bdr:V23703_I1421::14210426.tif/full/max/0/default.png
213a,གཉིས་བརྒྱ་ བཅུ་གསུམ་,https://iiif.bdrc.io/bdr:V23703_I1421::14210427.tif/full/max/0/default.png
213b,None,https://iiif.bdrc.io/bdr:V23703_I1421::14210428.tif/full/max/0/default.png
214a,གཉིས་བརྒྱ་ བཅུ་བཞི་,https://iiif.bdrc.io/bdr:V23703_I1421::14210429.tif/full/max/0/default.png
214b,None,https://iiif.bdrc.io/bdr:V23703_I1421::14210430.tif/full/max/0/default.png
215a,གཉིས་བརྒྱ་ བཅོ་ལྔ་,https://iiif.bdrc.io/bdr:V23703_I1421::14210431.tif/full/max/0/default.png
215b,None,https://iiif.bdrc.io/bdr:V23703_I1421::14210432.tif/full/max/0/default.png
216a,གཉིས་བརྒྱ་ བཅུ་དྲུག་,https://iiif.bdrc.io/bdr:V23703_I1421::14210433.tif/full/max/0/default.png
216b,None,https://iiif.bdrc.io/bdr:V23703_I1421::14210434.tif/full/max/0/default.png
217a,གཉིས་བརྒྱ་ བཅུ་བདུན་,https://iiif.bdrc.io/bdr:V23703_I1421::14210435.tif/full/max/0/default.png
217b,None,https://iiif.bdrc.io/bdr:V23703_I1421::14210436.tif/full/max/0/default.png
218a,གཉིས་བརྒྱ་ བཅོ་བརྒྱད་,https://iiif.bdrc.io/bdr:V23703_I1421::14210437.tif/full/max/0/default.png
218b,None,https://iiif.bdrc.io/bdr:V23703_I1421::14210438.tif/full/max/0/default.png
219a,གཉིས་བརྒྱ་ བཅུ་དགུ་,https://iiif.bdrc.io/bdr:V23703_I1421::14210439.tif/full/max/0/default.png
219b,None,https://iiif.bdrc.io/bdr:V23703_I1421::14210440.tif/full/max/0/default.png
220a,གཉིས་བརྒྱ་ ཉི་ཤུ,https://iiif.bdrc.io/bdr:V23703_I1421::14210441.tif/full/max/0/default.png
220b,None,https://iiif.bdrc.io/bdr:V23703_I1421::14210442.tif/full/max/0/default.png
221a,གཉིས་བརྒྱ་ ཉེར་གཅིག་,https://iiif.bdrc.io/bdr:V23703_I1421::14210443.tif/full/max/0/default.png
221b,None,https://iiif.bdrc.io/bdr:V23703_I1421::14210444.tif/full/max/0/default.png
222a,གཉིས་བརྒྱ་ ཉེར་གཉིས་,https://iiif.bdrc.io/bdr:V23703_I1421::14210445.tif/full/max/0/default.png
222b,None,https://iiif.bdrc.io/bdr:V23703_I1421::14210446.tif/full/max/0/default.png
223a,གཉིས་བརྒྱ་ ཉེར་གསུམ་,https://iiif.bdrc.io/bdr:V23703_I1421::14210447.tif/full/max/0/default.png
223b,None,https://iiif.bdrc.io/bdr:V23703_I1421::14210448.tif/full/max/0/default.png
224a,གཉིས་བརྒྱ་ ཉེར་བཞི་,https://iiif.bdrc.io/bdr:V23703_I1421::14210449.tif/full/max/0/default.png
224b,None,https://iiif.bdrc.io/bdr:V23703_I1421::14210450.tif/full/max/0/default.png
225a,གཉིས་བརྒྱ་ ཉེར་ལྔ་,https://iiif.bdrc.io/bdr:V23703_I1421::14210451.tif/full/max/0/default.png
225b,None,https://iiif.bdrc.io/bdr:V23703_I1421::14210452.tif/full/max/0/default.png
226a,གཉིས་བརྒྱ་ ཉེར་དྲུག་,https://iiif.bdrc.io/bdr:V23703_I1421::14210453.tif/full/max/0/default.png
226b,None,https://iiif.bdrc.io/bdr:V23703_I1421::14210454.tif/full/max/0/default.png
227a,གཉིས་བརྒྱ་ ཉེར་བདུན་,https://iiif.bdrc.io/bdr:V23703_I1421::14210455.tif/full/max/0/default.png
227b,None,https://iiif.bdrc.io/bdr:V23703_I1421::14210456.tif/full/max/0/default.png
228a,གཉིས་བརྒྱ་ ཉེར་བརྒྱད་,https://iiif.bdrc.io/bdr:V23703_I1421::14210457.tif/full/max/0/default.png
228b,None,https://iiif.bdrc.io/bdr:V23703_I1421::14210458.tif/full/max/0/default.png
229a,གཉིས་བརྒྱ་ ཉེར་དགུ་,https://iiif.bdrc.io/bdr:V23703_I1421::14210459.tif/full/max/0/default.png
229b,None,https://iiif.bdrc.io/bdr:V23703_I1421::14210460.tif/full/max/0/default.png
230a,གཉིས་བརྒྱ་ སུམ་བཅུ་,https://iiif.bdrc.io/bdr:V23703_I1421::14210461.tif/full/max/0/default.png
230b,None,https://iiif.bdrc.io/bdr:V23703_I1421::14210462.tif/full/max/0/default.png
231a,གཉིས་བརྒྱ་ སོ་གཅིག་,https://iiif.bdrc.io/bdr:V23703_I1421::14210463.tif/full/max/0/default.png
231b,None,https://iiif.bdrc.io/bdr:V23703_I1421::14210464.tif/full/max/0/default.png
232a,གཉིས་བརྒྱ་ སོ་གཉིས་,https://iiif.bdrc.io/bdr:V23703_I1421::14210465.tif/full/max/0/default.png
232b,None,https://iiif.bdrc.io/bdr:V23703_I1421::14210466.tif/full/max/0/default.png
233a,གཉིས་བརྒྱ་ སོ་གསུམ་,https://iiif.bdrc.io/bdr:V23703_I1421::14210467.tif/full/max/0/default.png
233b,None,https://iiif.bdrc.io/bdr:V23703_I1421::14210468.tif/full/max/0/default.png
234a,གཉིས་བརྒྱ་ སོ་བཞི་,https://iiif.bdrc.io/bdr:V23703_I1421::14210469.tif/full/max/0/default.png
234b,None,https://iiif.bdrc.io/bdr:V23703_I1421::14210470.tif/full/max/0/default.png
235a,གཉིས་བརྒྱ་ སོ་ལྔ་,https://iiif.bdrc.io/bdr:V23703_I1421::14210471.tif/full/max/0/default.png
235b,None,https://iiif.bdrc.io/bdr:V23703_I1421::14210472.tif/full/max/0/default.png
236a,གཉིས་བརྒྱ་ སོ་དྲུག་,https://iiif.bdrc.io/bdr:V23703_I1421::14210473.tif/full/max/0/default.png
236b,None,https://iiif.bdrc.io/bdr:V23703_I1421::14210474.tif/full/max/0/default.png
237a,གཉིས་བརྒྱ་ སོ་བདུན་,https://iiif.bdrc.io/bdr:V23703_I1421::14210475.tif/full/max/0/default.png
237b,None,https://iiif.bdrc.io/bdr:V23703_I1421::14210476.tif/full/max/0/default.png
238a,གཉིས་བརྒྱ་ སོ་བརྒྱད་,https://iiif.bdrc.io/bdr:V23703_I1421::14210477.tif/full/max/0/default.png
238b,None,https://iiif.bdrc.io/bdr:V23703_I1421::14210478.tif/full/max/0/default.png
239a,གཉིས་བརྒྱ་ སོ་དགུ་,https://iiif.bdrc.io/bdr:V23703_I1421::14210479.tif/full/max/0/default.png
239b,None,https://iiif.bdrc.io/bdr:V23703_I1421::14210480.tif/full/max/0/default.png
240a,གཉིས་བརྒྱ་ བཞི་བཅུ་,https://iiif.bdrc.io/bdr:V23703_I1421::14210481.tif/full/max/0/default.png
240b,None,https://iiif.bdrc.io/bdr:V23703_I1421::14210482.tif/full/max/0/default.png
241a,གཉིས་བརྒྱ་ ཞེ་གཅིག་,https://iiif.bdrc.io/bdr:V23703_I1421::14210483.tif/full/max/0/default.png
241b,None,https://iiif.bdrc.io/bdr:V23703_I1421::14210484.tif/full/max/0/default.png
242a,གཉིས་བརྒྱ་ ཞེ་གཉིས་,https://iiif.bdrc.io/bdr:V23703_I1421::14210485.tif/full/max/0/default.png
242b,None,https://iiif.bdrc.io/bdr:V23703_I1421::14210486.tif/full/max/0/default.png
243a,གཉིས་བརྒྱ་ ཞེ་གསུམ་,https://iiif.bdrc.io/bdr:V23703_I1421::14210487.tif/full/max/0/default.png
243b,None,https://iiif.bdrc.io/bdr:V23703_I1421::14210488.tif/full/max/0/default.png
244a,གཉིས་བརྒྱ་ ཞེ་བཞི་,https://iiif.bdrc.io/bdr:V23703_I1421::14210489.tif/full/max/0/default.png
244b,None,https://iiif.bdrc.io/bdr:V23703_I1421::14210490.tif/full/max/0/default.png
245a,གཉིས་བརྒྱ་ ཞེ་ལྔ་,https://iiif.bdrc.io/bdr:V23703_I1421::14210491.tif/full/max/0/default.png
245b,None,https://iiif.bdrc.io/bdr:V23703_I1421::14210492.tif/full/max/0/default.png
246a,གཉིས་བརྒྱ་ ཞེ་དྲུག་,https://iiif.bdrc.io/bdr:V23703_I1421::14210493.tif/full/max/0/default.png
246b,None,https://iiif.bdrc.io/bdr:V23703_I1421::14210494.tif/full/max/0/default.png
247a,གཉིས་བརྒྱ་ ཞེ་བདུན་,https://iiif.bdrc.io/bdr:V23703_I1421::14210495.tif/full/max/0/default.png
247b,None,https://iiif.bdrc.io/bdr:V23703_I1421::14210496.tif/full/max/0/default.png
248a,གཉིས་བརྒྱ་ ཞེ་བརྒྱད་,https://iiif.bdrc.io/bdr:V23703_I1421::14210497.tif/full/max/0/default.png
248b,None,https://iiif.bdrc.io/bdr:V23703_I1421::14210498.tif/full/max/0/default.png
249a,གཉིས་བརྒྱ་ ཞེ་དགུ་,https://iiif.bdrc.io/bdr:V23703_I1421::14210499.tif/full/max/0/default.png
249b,None,https://iiif.bdrc.io/bdr:V23703_I1421::14210500.tif/full/max/0/default.png
250a,གཉིས་བརྒྱ་ ལྔ་བཅུ་,https://iiif.bdrc.io/bdr:V23703_I1421::14210501.tif/full/max/0/default.png
250b,None,https://iiif.bdrc.io/bdr:V23703_I1421::14210502.tif/full/max/0/default.png
251a,གཉིས་བརྒྱ་ ང་གཅིག་,https://iiif.bdrc.io/bdr:V23703_I1421::14210503.tif/full/max/0/default.png
251b,None,https://iiif.bdrc.io/bdr:V23703_I1421::14210504.tif/full/max/0/default.png
252a,གཉིས་བརྒྱ་ ང་གཉིས་,https://iiif.bdrc.io/bdr:V23703_I1421::14210505.tif/full/max/0/default.png
252b,None,https://iiif.bdrc.io/bdr:V23703_I1421::14210506.tif/full/max/0/default.png
253a,གཉིས་བརྒྱ་ ང་གསུམ་,https://iiif.bdrc.io/bdr:V23703_I1421::14210507.tif/full/max/0/default.png
253b,None,https://iiif.bdrc.io/bdr:V23703_I1421::14210508.tif/full/max/0/default.png
254a,གཉིས་བརྒྱ་ ང་བཞི་,https://iiif.bdrc.io/bdr:V23703_I1421::14210509.tif/full/max/0/default.png
254b,None,https://iiif.bdrc.io/bdr:V23703_I1421::14210510.tif/full/max/0/default.png
255a,གཉིས་བརྒྱ་ ང་ལྔ་,https://iiif.bdrc.io/bdr:V23703_I1421::14210511.tif/full/max/0/default.png
255b,None,https://iiif.bdrc.io/bdr:V23703_I1421::14210512.tif/full/max/0/default.png
256a,གཉིས་བརྒྱ་ ང་དྲུག་,https://iiif.bdrc.io/bdr:V23703_I1421::14210513.tif/full/max/0/default.png
256b,None,https://iiif.bdrc.io/bdr:V23703_I1421::14210514.tif/full/max/0/default.png
257a,གཉིས་བརྒྱ་ ང་བདུན་,https://iiif.bdrc.io/bdr:V23703_I1421::14210515.tif/full/max/0/default.png
257b,None,https://iiif.bdrc.io/bdr:V23703_I1421::14210516.tif/full/max/0/default.png
258a,གཉིས་བརྒྱ་ ང་བརྒྱད་,https://iiif.bdrc.io/bdr:V23703_I1421::14210517.tif/full/max/0/default.png
258b,None,https://iiif.bdrc.io/bdr:V23703_I1421::14210518.tif/full/max/0/default.png
259a,གཉིས་བརྒྱ་ ང་དགུ་,https://iiif.bdrc.io/bdr:V23703_I1421::14210519.tif/full/max/0/default.png
259b,None,https://iiif.bdrc.io/bdr:V23703_I1421::14210520.tif/full/max/0/default.png
260a,གཉིས་བརྒྱ་ དྲུག་བཅུ་,https://iiif.bdrc.io/bdr:V23703_I1421::14210521.tif/full/max/0/default.png
260b,None,https://iiif.bdrc.io/bdr:V23703_I1421::14210522.tif/full/max/0/default.png
261a,གཉིས་བརྒྱ་ རེ་གཅིག་,https://iiif.bdrc.io/bdr:V23703_I1421::14210523.tif/full/max/0/default.png
261b,None,https://iiif.bdrc.io/bdr:V23703_I1421::14210524.tif/full/max/0/default.png
262a,གཉིས་བརྒྱ་ རེ་གཉིས་,https://iiif.bdrc.io/bdr:V23703_I1421::14210525.tif/full/max/0/default.png
262b,None,https://iiif.bdrc.io/bdr:V23703_I1421::14210526.tif/full/max/0/default.png
263a,གཉིས་བརྒྱ་ རེ་གསུམ་,https://iiif.bdrc.io/bdr:V23703_I1421::14210527.tif/full/max/0/default.png
263b,None,https://iiif.bdrc.io/bdr:V23703_I1421::14210528.tif/full/max/0/default.png
264a,གཉིས་བརྒྱ་ རེ་བཞི་,https://iiif.bdrc.io/bdr:V23703_I1421::14210529.tif/full/max/0/default.png
264b,None,https://iiif.bdrc.io/bdr:V23703_I1421::14210530.tif/full/max/0/default.png
265a,གཉིས་བརྒྱ་ རེ་ལྔ་,https://iiif.bdrc.io/bdr:V23703_I1421::14210531.tif/full/max/0/default.png
265b,None,https://iiif.bdrc.io/bdr:V23703_I1421::14210532.tif/full/max/0/default.png
266a,གཉིས་བརྒྱ་ རེ་དྲུག་,https://iiif.bdrc.io/bdr:V23703_I1421::14210533.tif/full/max/0/default.png
266b,None,https://iiif.bdrc.io/bdr:V23703_I1421::14210534.tif/full/max/0/default.png
267a,གཉིས་བརྒྱ་ རེ་བདུན་,https://iiif.bdrc.io/bdr:V23703_I1421::14210535.tif/full/max/0/default.png
267b,None,https://iiif.bdrc.io/bdr:V23703_I1421::14210536.tif/full/max/0/default.png
268a,གཉིས་བརྒྱ་ རེ་བརྒྱད་,https://iiif.bdrc.io/bdr:V23703_I1421::14210537.tif/full/max/0/default.png
268b,None,https://iiif.bdrc.io/bdr:V23703_I1421::14210538.tif/full/max/0/default.png
269a,གཉིས་བརྒྱ་ རེ་དགུ་,https://iiif.bdrc.io/bdr:V23703_I1421::14210539.tif/full/max/0/default.png
269b,None,https://iiif.bdrc.io/bdr:V23703_I1421::14210540.tif/full/max/0/default.png
270a,གཉིས་བརྒྱ་ བདུན་བཅུ་,https://iiif.bdrc.io/bdr:V23703_I1421::14210541.tif/full/max/0/default.png
270b,None,https://iiif.bdrc.io/bdr:V23703_I1421::14210542.tif/full/max/0/default.png
271a,གཉིས་བརྒྱ་ དོན་གཅིག་,https://iiif.bdrc.io/bdr:V23703_I1421::14210543.tif/full/max/0/default.png
271b,None,https://iiif.bdrc.io/bdr:V23703_I1421::14210544.tif/full/max/0/default.png
272a,གཉིས་བརྒྱ་ དོན་གཉིས་,https://iiif.bdrc.io/bdr:V23703_I1421::14210545.tif/full/max/0/default.png
272b,None,https://iiif.bdrc.io/bdr:V23703_I1421::14210546.tif/full/max/0/default.png
273a,གཉིས་བརྒྱ་ དོན་གསུམ་,https://iiif.bdrc.io/bdr:V23703_I1421::14210547.tif/full/max/0/default.png
273b,None,https://iiif.bdrc.io/bdr:V23703_I1421::14210548.tif/full/max/0/default.png
274a,གཉིས་བརྒྱ་ དོན་བཞི་,https://iiif.bdrc.io/bdr:V23703_I1421::14210549.tif/full/max/0/default.png
274b,None,https://iiif.bdrc.io/bdr:V23703_I1421::14210550.tif/full/max/0/default.png
275a,གཉིས་བརྒྱ་ དོན་ལྔ་,https://iiif.bdrc.io/bdr:V23703_I1421::14210551.tif/full/max/0/default.png
275b,None,https://iiif.bdrc.io/bdr:V23703_I1421::14210552.tif/full/max/0/default.png
276a,གཉིས་བརྒྱ་ དོན་དྲུག་,https://iiif.bdrc.io/bdr:V23703_I1421::14210553.tif/full/max/0/default.png
276b,None,https://iiif.bdrc.io/bdr:V23703_I1421::14210554.tif/full/max/0/default.png
277a,གཉིས་བརྒྱ་ དོན་བདུན་,https://iiif.bdrc.io/bdr:V23703_I1421::14210555.tif/full/max/0/default.png
277b,None,https://iiif.bdrc.io/bdr:V23703_I1421::14210556.tif/full/max/0/default.png
278a,གཉིས་བརྒྱ་ དོན་བརྒྱད་,https://iiif.bdrc.io/bdr:V23703_I1421::14210557.tif/full/max/0/default.png
278b,None,https://iiif.bdrc.io/bdr:V23703_I1421::14210558.tif/full/max/0/default.png
279a,གཉིས་བརྒྱ་ དོན་དགུ་,https://iiif.bdrc.io/bdr:V23703_I1421::14210559.tif/full/max/0/default.png
279b,None,https://iiif.bdrc.io/bdr:V23703_I1421::14210560.tif/full/max/0/default.png
280a,གཉིས་བརྒྱ་ བརྒྱད་བཅུ་,https://iiif.bdrc.io/bdr:V23703_I1421::14210561.tif/full/max/0/default.png
280b,None,https://iiif.bdrc.io/bdr:V23703_I1421::14210562.tif/full/max/0/default.png
281a,གཉིས་བརྒྱ་ གྱ་གཅིག་,https://iiif.bdrc.io/bdr:V23703_I1421::14210563.tif/full/max/0/default.png
281b,None,https://iiif.bdrc.io/bdr:V23703_I1421::14210564.tif/full/max/0/default.png
282a,གཉིས་བརྒྱ་ གྱ་གཉིས་,https://iiif.bdrc.io/bdr:V23703_I1421::14210565.tif/full/max/0/default.png
282b,None,https://iiif.bdrc.io/bdr:V23703_I1421::14210566.tif/full/max/0/default.png
283a,གཉིས་བརྒྱ་ གྱ་གསུམ་,https://iiif.bdrc.io/bdr:V23703_I1421::14210567.tif/full/max/0/default.png
283b,None,https://iiif.bdrc.io/bdr:V23703_I1421::14210568.tif/full/max/0/default.png
284a,གཉིས་བརྒྱ་ གྱ་བཞི་,https://iiif.bdrc.io/bdr:V23703_I1421::14210569.tif/full/max/0/default.png
284b,None,https://iiif.bdrc.io/bdr:V23703_I1421::14210570.tif/full/max/0/default.png
285a,གཉིས་བརྒྱ་ གྱ་ལྔ་,https://iiif.bdrc.io/bdr:V23703_I1421::14210571.tif/full/max/0/default.png
285b,None,https://iiif.bdrc.io/bdr:V23703_I1421::14210572.tif/full/max/0/default.png
286a,གཉིས་བརྒྱ་ གྱ་དྲུག་,https://iiif.bdrc.io/bdr:V23703_I1421::14210573.tif/full/max/0/default.png
286b,None,https://iiif.bdrc.io/bdr:V23703_I1421::14210574.tif/full/max/0/default.png
287a,གཉིས་བརྒྱ་ གྱ་བདུན་,https://iiif.bdrc.io/bdr:V23703_I1421::14210575.tif/full/max/0/default.png
287b,None,https://iiif.bdrc.io/bdr:V23703_I1421::14210576.tif/full/max/0/default.png
288a,གཉིས་བརྒྱ་ གྱ་བརྒྱད་,https://iiif.bdrc.io/bdr:V23703_I1421::14210577.tif/full/max/0/default.png
