45a,ཞེ་ལྔ་,https://iiif.bdrc.io/bdr:V1KG13126_I1KG13283::I1KG132830093.jpg/full/max/0/default.jpg
45b,,https://iiif.bdrc.io/bdr:V1KG13126_I1KG13283::I1KG132830094.jpg/full/max/0/default.jpg
46a,ཞེ་དྲུག་,https://iiif.bdrc.io/bdr:V1KG13126_I1KG13283::I1KG132830095.jpg/full/max/0/default.jpg
46b,,https://iiif.bdrc.io/bdr:V1KG13126_I1KG13283::I1KG132830096.jpg/full/max/0/default.jpg
47a,ཞེ་བདུན་,https://iiif.bdrc.io/bdr:V1KG13126_I1KG13283::I1KG132830097.jpg/full/max/0/default.jpg
47b,,https://iiif.bdrc.io/bdr:V1KG13126_I1KG13283::I1KG132830098.jpg/full/max/0/default.jpg
48a,ཞེ་བརྒྱད་,https://iiif.bdrc.io/bdr:V1KG13126_I1KG13283::I1KG132830099.jpg/full/max/0/default.jpg
48b,,https://iiif.bdrc.io/bdr:V1KG13126_I1KG13283::I1KG132830100.jpg/full/max/0/default.jpg
49a,ཞེ་དགུ་,https://iiif.bdrc.io/bdr:V1KG13126_I1KG13283::I1KG132830101.jpg/full/max/0/default.jpg
49b,,https://iiif.bdrc.io/bdr:V1KG13126_I1KG13283::I1KG132830102.jpg/full/max/0/default.jpg
50a,ལྔ་བཅུ་,https://iiif.bdrc.io/bdr:V1KG13126_I1KG13283::I1KG132830103.jpg/full/max/0/default.jpg
50b,,https://iiif.bdrc.io/bdr:V1KG13126_I1KG13283::I1KG132830104.jpg/full/max/0/default.jpg
51a,ང་གཅིག་,https://iiif.bdrc.io/bdr:V1KG13126_I1KG13283::I1KG132830105.jpg/full/max/0/default.jpg
51b,,https://iiif.bdrc.io/bdr:V1KG13126_I1KG13283::I1KG132830106.jpg/full/max/0/default.jpg
52a,ང་གཉིས་,https://iiif.bdrc.io/bdr:V1KG13126_I1KG13283::I1KG132830107.jpg/full/max/0/default.jpg
52b,,https://iiif.bdrc.io/bdr:V1KG13126_I1KG13283::I1KG132830108.jpg/full/max/0/default.jpg
53a,ང་གསུམ་,https://iiif.bdrc.io/bdr:V1KG13126_I1KG13283::I1KG132830109.jpg/full/max/0/default.jpg
53b,,https://iiif.bdrc.io/bdr:V1KG13126_I1KG13283::I1KG132830110.jpg/full/max/0/default.jpg
54a,ང་བཞི་,https://iiif.bdrc.io/bdr:V1KG13126_I1KG13283::I1KG132830111.jpg/full/max/0/default.jpg
54b,,https://iiif.bdrc.io/bdr:V1KG13126_I1KG13283::I1KG132830112.jpg/full/max/0/default.jpg
55a,ང་ལྔ་,https://iiif.bdrc.io/bdr:V1KG13126_I1KG13283::I1KG132830113.jpg/full/max/0/default.jpg
55b,,https://iiif.bdrc.io/bdr:V1KG13126_I1KG13283::I1KG132830114.jpg/full/max/0/default.jpg
56a,ང་དྲུག་,https://iiif.bdrc.io/bdr:V1KG13126_I1KG13283::I1KG132830115.jpg/full/max/0/default.jpg
56b,,https://iiif.bdrc.io/bdr:V1KG13126_I1KG13283::I1KG132830116.jpg/full/max/0/default.jpg
57a,ང་བདུན་,https://iiif.bdrc.io/bdr:V1KG13126_I1KG13283::I1KG132830117.jpg/full/max/0/default.jpg
57b,,https://iiif.bdrc.io/bdr:V1KG13126_I1KG13283::I1KG132830118.jpg/full/max/0/default.jpg
58a,ང་བརྒྱད་,https://iiif.bdrc.io/bdr:V1KG13126_I1KG13283::I1KG132830119.jpg/full/max/0/default.jpg
58b,,https://iiif.bdrc.io/bdr:V1KG13126_I1KG13283::I1KG132830120.jpg/full/max/0/default.jpg
59a,ང་དགུ་,https://iiif.bdrc.io/bdr:V1KG13126_I1KG13283::I1KG132830121.jpg/full/max/0/default.jpg
59b,,https://iiif.bdrc.io/bdr:V1KG13126_I1KG13283::I1KG132830122.jpg/full/max/0/default.jpg
60a,དྲུག་བཅུ་,https://iiif.bdrc.io/bdr:V1KG13126_I1KG13283::I1KG132830123.jpg/full/max/0/default.jpg
60b,,https://iiif.bdrc.io/bdr:V1KG13126_I1KG13283::I1KG132830124.jpg/full/max/0/default.jpg
61a,རེ་གཅིག་,https://iiif.bdrc.io/bdr:V1KG13126_I1KG13283::I1KG132830125.jpg/full/max/0/default.jpg
61b,,https://iiif.bdrc.io/bdr:V1KG13126_I1KG13283::I1KG132830126.jpg/full/max/0/default.jpg
62a,རེ་གཉིས་,https://iiif.bdrc.io/bdr:V1KG13126_I1KG13283::I1KG132830127.jpg/full/max/0/default.jpg
62b,,https://iiif.bdrc.io/bdr:V1KG13126_I1KG13283::I1KG132830128.jpg/full/max/0/default.jpg
63a,རེ་གསུམ་,https://iiif.bdrc.io/bdr:V1KG13126_I1KG13283::I1KG132830129.jpg/full/max/0/default.jpg
63b,,https://iiif.bdrc.io/bdr:V1KG13126_I1KG13283::I1KG132830130.jpg/full/max/0/default.jpg
64a,རེ་བཞི་,https://iiif.bdrc.io/bdr:V1KG13126_I1KG13283::I1KG132830131.jpg/full/max/0/default.jpg
64b,,https://iiif.bdrc.io/bdr:V1KG13126_I1KG13283::I1KG132830132.jpg/full/max/0/default.jpg
65a,རེ་ལྔ་,https://iiif.bdrc.io/bdr:V1KG13126_I1KG13283::I1KG132830133.jpg/full/max/0/default.jpg
65b,,https://iiif.bdrc.io/bdr:V1KG13126_I1KG13283::I1KG132830134.jpg/full/max/0/default.jpg
66a,རེ་དྲུག་,https://iiif.bdrc.io/bdr:V1KG13126_I1KG13283::I1KG132830135.jpg/full/max/0/default.jpg
66b,,https://iiif.bdrc.io/bdr:V1KG13126_I1KG13283::I1KG132830136.jpg/full/max/0/default.jpg
67a,རེ་བདུན་,https://iiif.bdrc.io/bdr:V1KG13126_I1KG13283::I1KG132830137.jpg/full/max/0/default.jpg
67b,,https://iiif.bdrc.io/bdr:V1KG13126_I1KG13283::I1KG132830138.jpg/full/max/0/default.jpg
68a,རེ་བརྒྱད་,https://iiif.bdrc.io/bdr:V1KG13126_I1KG13283::I1KG132830139.jpg/full/max/0/default.jpg
68b,,https://iiif.bdrc.io/bdr:V1KG13126_I1KG13283::I1KG132830140.jpg/full/max/0/default.jpg
69a,རེ་དགུ་,https://iiif.bdrc.io/bdr:V1KG13126_I1KG13283::I1KG132830141.jpg/full/max/0/default.jpg
69b,,https://iiif.bdrc.io/bdr:V1KG13126_I1KG13283::I1KG132830142.jpg/full/max/0/default.jpg
70a,བདུན་བཅུ་,https://iiif.bdrc.io/bdr:V1KG13126_I1KG13283::I1KG132830143.jpg/full/max/0/default.jpg
70b,,https://iiif.bdrc.io/bdr:V1KG13126_I1KG13283::I1KG132830144.jpg/full/max/0/default.jpg
71a,དོན་གཅིག་,https://iiif.bdrc.io/bdr:V1KG13126_I1KG13283::I1KG132830145.jpg/full/max/0/default.jpg
71b,,https://iiif.bdrc.io/bdr:V1KG13126_I1KG13283::I1KG132830146.jpg/full/max/0/default.jpg
72a,དོན་གཉིས་,https://iiif.bdrc.io/bdr:V1KG13126_I1KG13283::I1KG132830147.jpg/full/max/0/default.jpg
72b,,https://iiif.bdrc.io/bdr:V1KG13126_I1KG13283::I1KG132830148.jpg/full/max/0/default.jpg
73a,དོན་གསུམ་,https://iiif.bdrc.io/bdr:V1KG13126_I1KG13283::I1KG132830149.jpg/full/max/0/default.jpg
73b,,https://iiif.bdrc.io/bdr:V1KG13126_I1KG13283::I1KG132830150.jpg/full/max/0/default.jpg
74a,དོན་བཞི་,https://iiif.bdrc.io/bdr:V1KG13126_I1KG13283::I1KG132830151.jpg/full/max/0/default.jpg
74b,,https://iiif.bdrc.io/bdr:V1KG13126_I1KG13283::I1KG132830152.jpg/full/max/0/default.jpg
75a,དོན་ལྔ་,https://iiif.bdrc.io/bdr:V1KG13126_I1KG13283::I1KG132830153.jpg/full/max/0/default.jpg
75b,,https://iiif.bdrc.io/bdr:V1KG13126_I1KG13283::I1KG132830154.jpg/full/max/0/default.jpg
76a,དོན་དྲུག་,https://iiif.bdrc.io/bdr:V1KG13126_I1KG13283::I1KG132830155.jpg/full/max/0/default.jpg
76b,,https://iiif.bdrc.io/bdr:V1KG13126_I1KG13283::I1KG132830156.jpg/full/max/0/default.jpg
77a,དོན་བདུན་,https://iiif.bdrc.io/bdr:V1KG13126_I1KG13283::I1KG132830157.jpg/full/max/0/default.jpg
77b,,https://iiif.bdrc.io/bdr:V1KG13126_I1KG13283::I1KG132830158.jpg/full/max/0/default.jpg
78a,དོན་བརྒྱད་,https://iiif.bdrc.io/bdr:V1KG13126_I1KG13283::I1KG132830159.jpg/full/max/0/default.jpg
78b,,https://iiif.bdrc.io/bdr:V1KG13126_I1KG13283::I1KG132830160.jpg/full/max/0/default.jpg
79a,དོན་དགུ་,https://iiif.bdrc.io/bdr:V1KG13126_I1KG13283::I1KG132830161.jpg/full/max/0/default.jpg
79b,,https://iiif.bdrc.io/bdr:V1KG13126_I1KG13283::I1KG132830162.jpg/full/max/0/default.jpg
80a,བརྒྱད་བཅུ་,https://iiif.bdrc.io/bdr:V1KG13126_I1KG13283::I1KG132830163.jpg/full/max/0/default.jpg
80b,,https://iiif.bdrc.io/bdr:V1KG13126_I1KG13283::I1KG132830164.jpg/full/max/0/default.jpg
81a,གྱ་གཅིག་,https://iiif.bdrc.io/bdr:V1KG13126_I1KG13283::I1KG132830165.jpg/full/max/0/default.jpg
81b,,https://iiif.bdrc.io/bdr:V1KG13126_I1KG13283::I1KG132830166.jpg/full/max/0/default.jpg
82a,གྱ་གཉིས་,https://iiif.bdrc.io/bdr:V1KG13126_I1KG13283::I1KG132830167.jpg/full/max/0/default.jpg
82b,,https://iiif.bdrc.io/bdr:V1KG13126_I1KG13283::I1KG132830168.jpg/full/max/0/default.jpg
83a,གྱ་གསུམ་,https://iiif.bdrc.io/bdr:V1KG13126_I1KG13283::I1KG132830169.jpg/full/max/0/default.jpg
83b,,https://iiif.bdrc.io/bdr:V1KG13126_I1KG13283::I1KG132830170.jpg/full/max/0/default.jpg
84a,གྱ་བཞི་,https://iiif.bdrc.io/bdr:V1KG13126_I1KG13283::I1KG132830171.jpg/full/max/0/default.jpg
84b,,https://iiif.bdrc.io/bdr:V1KG13126_I1KG13283::I1KG132830172.jpg/full/max/0/default.jpg
85a,གྱ་ལྔ་,https://iiif.bdrc.io/bdr:V1KG13126_I1KG13283::I1KG132830173.jpg/full/max/0/default.jpg
85b,,https://iiif.bdrc.io/bdr:V1KG13126_I1KG13283::I1KG132830174.jpg/full/max/0/default.jpg
86a,གྱ་དྲུག་,https://iiif.bdrc.io/bdr:V1KG13126_I1KG13283::I1KG132830175.jpg/full/max/0/default.jpg
86b,,https://iiif.bdrc.io/bdr:V1KG13126_I1KG13283::I1KG132830176.jpg/full/max/0/default.jpg
87a,གྱ་བདུན་,https://iiif.bdrc.io/bdr:V1KG13126_I1KG13283::I1KG132830177.jpg/full/max/0/default.jpg
87b,,https://iiif.bdrc.io/bdr:V1KG13126_I1KG13283::I1KG132830178.jpg/full/max/0/default.jpg
88a,གྱ་བརྒྱད་,https://iiif.bdrc.io/bdr:V1KG13126_I1KG13283::I1KG132830179.jpg/full/max/0/default.jpg
88b,,https://iiif.bdrc.io/bdr:V1KG13126_I1KG13283::I1KG132830180.jpg/full/max/0/default.jpg
89a,གྱ་དགུ་,https://iiif.bdrc.io/bdr:V1KG13126_I1KG13283::I1KG132830181.jpg/full/max/0/default.jpg
89b,,https://iiif.bdrc.io/bdr:V1KG13126_I1KG13283::I1KG132830182.jpg/full/max/0/default.jpg
90a,དགུ་བཅུ་,https://iiif.bdrc.io/bdr:V1KG13126_I1KG13283::I1KG132830183.jpg/full/max/0/default.jpg
90b,,https://iiif.bdrc.io/bdr:V1KG13126_I1KG13283::I1KG132830184.jpg/full/max/0/default.jpg
91a,གོ་གཅིག་,https://iiif.bdrc.io/bdr:V1KG13126_I1KG13283::I1KG132830185.jpg/full/max/0/default.jpg
91b,,https://iiif.bdrc.io/bdr:V1KG13126_I1KG13283::I1KG132830186.jpg/full/max/0/default.jpg
92a,གོ་གཉིས་,https://iiif.bdrc.io/bdr:V1KG13126_I1KG13283::I1KG132830187.jpg/full/max/0/default.jpg
92b,,https://iiif.bdrc.io/bdr:V1KG13126_I1KG13283::I1KG132830188.jpg/full/max/0/default.jpg
93a,གོ་གསུམ་,https://iiif.bdrc.io/bdr:V1KG13126_I1KG13283::I1KG132830189.jpg/full/max/0/default.jpg
93b,,https://iiif.bdrc.io/bdr:V1KG13126_I1KG13283::I1KG132830190.jpg/full/max/0/default.jpg
94a,གོ་བཞི་,https://iiif.bdrc.io/bdr:V1KG13126_I1KG13283::I1KG132830191.jpg/full/max/0/default.jpg
94b,,https://iiif.bdrc.io/bdr:V1KG13126_I1KG13283::I1KG132830192.jpg/full/max/0/default.jpg
95a,གོ་ལྔ་,https://iiif.bdrc.io/bdr:V1KG13126_I1KG13283::I1KG132830193.jpg/full/max/0/default.jpg
95b,,https://iiif.bdrc.io/bdr:V1KG13126_I1KG13283::I1KG132830194.jpg/full/max/0/default.jpg
96a,གོ་དྲུག་,https://iiif.bdrc.io/bdr:V1KG13126_I1KG13283::I1KG132830195.jpg/full/max/0/default.jpg
96b,,https://iiif.bdrc.io/bdr:V1KG13126_I1KG13283::I1KG132830196.jpg/full/max/0/default.jpg
97a,གོ་བདུན་,https://iiif.bdrc.io/bdr:V1KG13126_I1KG13283::I1KG132830197.jpg/full/max/0/default.jpg
97b,,https://iiif.bdrc.io/bdr:V1KG13126_I1KG13283::I1KG132830198.jpg/full/max/0/default.jpg
98a,གོ་བརྒྱད་,https://iiif.bdrc.io/bdr:V1KG13126_I1KG13283::I1KG132830199.jpg/full/max/0/default.jpg
98b,,https://iiif.bdrc.io/bdr:V1KG13126_I1KG13283::I1KG132830200.jpg/full/max/0/default.jpg
99a,གོ་དགུ་,https://iiif.bdrc.io/bdr:V1KG13126_I1KG13283::I1KG132830201.jpg/full/max/0/default.jpg
99b,,https://iiif.bdrc.io/bdr:V1KG13126_I1KG13283::I1KG132830202.jpg/full/max/0/default.jpg
100a,བརྒྱ་,https://iiif.bdrc.io/bdr:V1KG13126_I1KG13283::I1KG132830203.jpg/full/max/0/default.jpg
100b,,https://iiif.bdrc.io/bdr:V1KG13126_I1KG13283::I1KG132830204.jpg/full/max/0/default.jpg
101a,བརྒྱ་ གཅིག་,https://iiif.bdrc.io/bdr:V1KG13126_I1KG13283::I1KG132830205.jpg/full/max/0/default.jpg
101b,,https://iiif.bdrc.io/bdr:V1KG13126_I1KG13283::I1KG132830206.jpg/full/max/0/default.jpg
102a,བརྒྱ་ གཉིས་,https://iiif.bdrc.io/bdr:V1KG13126_I1KG13283::I1KG132830207.jpg/full/max/0/default.jpg
102b,,https://iiif.bdrc.io/bdr:V1KG13126_I1KG13283::I1KG132830208.jpg/full/max/0/default.jpg
103a,བརྒྱ་ གསུམ་,https://iiif.bdrc.io/bdr:V1KG13126_I1KG13283::I1KG132830209.jpg/full/max/0/default.jpg
103b,,https://iiif.bdrc.io/bdr:V1KG13126_I1KG13283::I1KG132830210.jpg/full/max/0/default.jpg
104a,བརྒྱ་ བཞི་,https://iiif.bdrc.io/bdr:V1KG13126_I1KG13283::I1KG132830211.jpg/full/max/0/default.jpg
104b,,https://iiif.bdrc.io/bdr:V1KG13126_I1KG13283::I1KG132830212.jpg/full/max/0/default.jpg
105a,བརྒྱ་ ལྔ་,https://iiif.bdrc.io/bdr:V1KG13126_I1KG13283::I1KG132830213.jpg/full/max/0/default.jpg
105b,,https://iiif.bdrc.io/bdr:V1KG13126_I1KG13283::I1KG132830214.jpg/full/max/0/default.jpg
106a,བརྒྱ་ དྲུག་,https://iiif.bdrc.io/bdr:V1KG13126_I1KG13283::I1KG132830215.jpg/full/max/0/default.jpg
106b,,https://iiif.bdrc.io/bdr:V1KG13126_I1KG13283::I1KG132830216.jpg/full/max/0/default.jpg
107a,བརྒྱ་ བདུན་,https://iiif.bdrc.io/bdr:V1KG13126_I1KG13283::I1KG132830217.jpg/full/max/0/default.jpg
107b,,https://iiif.bdrc.io/bdr:V1KG13126_I1KG13283::I1KG132830218.jpg/full/max/0/default.jpg
108a,བརྒྱ་ བརྒྱད་,https://iiif.bdrc.io/bdr:V1KG13126_I1KG13283::I1KG132830219.jpg/full/max/0/default.jpg
108b,,https://iiif.bdrc.io/bdr:V1KG13126_I1KG13283::I1KG132830220.jpg/full/max/0/default.jpg
109a,བརྒྱ་ དགུ་,https://iiif.bdrc.io/bdr:V1KG13126_I1KG13283::I1KG132830221.jpg/full/max/0/default.jpg
109b,,https://iiif.bdrc.io/bdr:V1KG13126_I1KG13283::I1KG132830222.jpg/full/max/0/default.jpg
110a,བརྒྱ་ བཅུ་,https://iiif.bdrc.io/bdr:V1KG13126_I1KG13283::I1KG132830223.jpg/full/max/0/default.jpg
110b,,https://iiif.bdrc.io/bdr:V1KG13126_I1KG13283::I1KG132830224.jpg/full/max/0/default.jpg
111a,བརྒྱ་ བཅུ་གཅིག་,https://iiif.bdrc.io/bdr:V1KG13126_I1KG13283::I1KG132830225.jpg/full/max/0/default.jpg
111b,,https://iiif.bdrc.io/bdr:V1KG13126_I1KG13283::I1KG132830226.jpg/full/max/0/default.jpg
112a,བརྒྱ་ བཅུ་གཉིས་,https://iiif.bdrc.io/bdr:V1KG13126_I1KG13283::I1KG132830227.jpg/full/max/0/default.jpg
112b,,https://iiif.bdrc.io/bdr:V1KG13126_I1KG13283::I1KG132830228.jpg/full/max/0/default.jpg
113a,བརྒྱ་ བཅུ་གསུམ་,https://iiif.bdrc.io/bdr:V1KG13126_I1KG13283::I1KG132830229.jpg/full/max/0/default.jpg
113b,,https://iiif.bdrc.io/bdr:V1KG13126_I1KG13283::I1KG132830230.jpg/full/max/0/default.jpg
114a,བརྒྱ་ བཅུ་བཞི་,https://iiif.bdrc.io/bdr:V1KG13126_I1KG13283::I1KG132830231.jpg/full/max/0/default.jpg
114b,,https://iiif.bdrc.io/bdr:V1KG13126_I1KG13283::I1KG132830232.jpg/full/max/0/default.jpg
115a,བརྒྱ་ བཅོ་ལྔ་,https://iiif.bdrc.io/bdr:V1KG13126_I1KG13283::I1KG132830233.jpg/full/max/0/default.jpg
115b,,https://iiif.bdrc.io/bdr:V1KG13126_I1KG13283::I1KG132830234.jpg/full/max/0/default.jpg
116a,བརྒྱ་ བཅུ་དྲུག་,https://iiif.bdrc.io/bdr:V1KG13126_I1KG13283::I1KG132830235.jpg/full/max/0/default.jpg
116b,,https://iiif.bdrc.io/bdr:V1KG13126_I1KG13283::I1KG132830236.jpg/full/max/0/default.jpg
117a,བརྒྱ་ བཅུ་བདུན་,https://iiif.bdrc.io/bdr:V1KG13126_I1KG13283::I1KG132830237.jpg/full/max/0/default.jpg
117b,,https://iiif.bdrc.io/bdr:V1KG13126_I1KG13283::I1KG132830238.jpg/full/max/0/default.jpg
118a,བརྒྱ་ བཅོ་བརྒྱད་,https://iiif.bdrc.io/bdr:V1KG13126_I1KG13283::I1KG132830239.jpg/full/max/0/default.jpg
118b,,https://iiif.bdrc.io/bdr:V1KG13126_I1KG13283::I1KG132830240.jpg/full/max/0/default.jpg
119a,བརྒྱ་ བཅུ་དགུ་,https://iiif.bdrc.io/bdr:V1KG13126_I1KG13283::I1KG132830241.jpg/full/max/0/default.jpg
119b,,https://iiif.bdrc.io/bdr:V1KG13126_I1KG13283::I1KG132830242.jpg/full/max/0/default.jpg
120a,བརྒྱ་ ཉི་ཤུ,https://iiif.bdrc.io/bdr:V1KG13126_I1KG13283::I1KG132830243.jpg/full/max/0/default.jpg
120b,,https://iiif.bdrc.io/bdr:V1KG13126_I1KG13283::I1KG132830244.jpg/full/max/0/default.jpg
121a,བརྒྱ་ ཉེར་གཅིག་,https://iiif.bdrc.io/bdr:V1KG13126_I1KG13283::I1KG132830245.jpg/full/max/0/default.jpg
121b,,https://iiif.bdrc.io/bdr:V1KG13126_I1KG13283::I1KG132830246.jpg/full/max/0/default.jpg
122a,བརྒྱ་ ཉེར་གཉིས་,https://iiif.bdrc.io/bdr:V1KG13126_I1KG13283::I1KG132830247.jpg/full/max/0/default.jpg
122b,,https://iiif.bdrc.io/bdr:V1KG13126_I1KG13283::I1KG132830248.jpg/full/max/0/default.jpg
123a,བརྒྱ་ ཉེར་གསུམ་,https://iiif.bdrc.io/bdr:V1KG13126_I1KG13283::I1KG132830249.jpg/full/max/0/default.jpg
123b,,https://iiif.bdrc.io/bdr:V1KG13126_I1KG13283::I1KG132830250.jpg/full/max/0/default.jpg
124a,བརྒྱ་ ཉེར་བཞི་,https://iiif.bdrc.io/bdr:V1KG13126_I1KG13283::I1KG132830251.jpg/full/max/0/default.jpg
124b,,https://iiif.bdrc.io/bdr:V1KG13126_I1KG13283::I1KG132830252.jpg/full/max/0/default.jpg
125a,བརྒྱ་ ཉེར་ལྔ་,https://iiif.bdrc.io/bdr:V1KG13126_I1KG13283::I1KG132830253.jpg/full/max/0/default.jpg
125b,,https://iiif.bdrc.io/bdr:V1KG13126_I1KG13283::I1KG132830254.jpg/full/max/0/default.jpg
126a,བརྒྱ་ ཉེར་དྲུག་,https://iiif.bdrc.io/bdr:V1KG13126_I1KG13283::I1KG132830255.jpg/full/max/0/default.jpg
126b,,https://iiif.bdrc.io/bdr:V1KG13126_I1KG13283::I1KG132830256.jpg/full/max/0/default.jpg
127a,བརྒྱ་ ཉེར་བདུན་,https://iiif.bdrc.io/bdr:V1KG13126_I1KG13283::I1KG132830257.jpg/full/max/0/default.jpg
127b,,https://iiif.bdrc.io/bdr:V1KG13126_I1KG13283::I1KG132830258.jpg/full/max/0/default.jpg
128a,བརྒྱ་ ཉེར་བརྒྱད་,https://iiif.bdrc.io/bdr:V1KG13126_I1KG13283::I1KG132830259.jpg/full/max/0/default.jpg
128b,,https://iiif.bdrc.io/bdr:V1KG13126_I1KG13283::I1KG132830260.jpg/full/max/0/default.jpg
129a,བརྒྱ་ ཉེར་དགུ་,https://iiif.bdrc.io/bdr:V1KG13126_I1KG13283::I1KG132830261.jpg/full/max/0/default.jpg
129b,,https://iiif.bdrc.io/bdr:V1KG13126_I1KG13283::I1KG132830262.jpg/full/max/0/default.jpg
130a,བརྒྱ་ སུམ་བཅུ་,https://iiif.bdrc.io/bdr:V1KG13126_I1KG13283::I1KG132830263.jpg/full/max/0/default.jpg
130b,,https://iiif.bdrc.io/bdr:V1KG13126_I1KG13283::I1KG132830264.jpg/full/max/0/default.jpg
131a,བརྒྱ་ སོ་གཅིག་,https://iiif.bdrc.io/bdr:V1KG13126_I1KG13283::I1KG132830265.jpg/full/max/0/default.jpg
131b,,https://iiif.bdrc.io/bdr:V1KG13126_I1KG13283::I1KG132830266.jpg/full/max/0/default.jpg
132a,བརྒྱ་ སོ་གཉིས་,https://iiif.bdrc.io/bdr:V1KG13126_I1KG13283::I1KG132830267.jpg/full/max/0/default.jpg
132b,,https://iiif.bdrc.io/bdr:V1KG13126_I1KG13283::I1KG132830268.jpg/full/max/0/default.jpg
133a,བརྒྱ་ སོ་གསུམ་,https://iiif.bdrc.io/bdr:V1KG13126_I1KG13283::I1KG132830269.jpg/full/max/0/default.jpg
133b,,https://iiif.bdrc.io/bdr:V1KG13126_I1KG13283::I1KG132830270.jpg/full/max/0/default.jpg
134a,བརྒྱ་ སོ་བཞི་,https://iiif.bdrc.io/bdr:V1KG13126_I1KG13283::I1KG132830271.jpg/full/max/0/default.jpg
134b,,https://iiif.bdrc.io/bdr:V1KG13126_I1KG13283::I1KG132830272.jpg/full/max/0/default.jpg
135a,བརྒྱ་ སོ་ལྔ་,https://iiif.bdrc.io/bdr:V1KG13126_I1KG13283::I1KG132830273.jpg/full/max/0/default.jpg
135b,,https://iiif.bdrc.io/bdr:V1KG13126_I1KG13283::I1KG132830274.jpg/full/max/0/default.jpg
136a,བརྒྱ་ སོ་དྲུག་,https://iiif.bdrc.io/bdr:V1KG13126_I1KG13283::I1KG132830275.jpg/full/max/0/default.jpg
136b,,https://iiif.bdrc.io/bdr:V1KG13126_I1KG13283::I1KG132830276.jpg/full/max/0/default.jpg
137a,བརྒྱ་ སོ་བདུན་,https://iiif.bdrc.io/bdr:V1KG13126_I1KG13283::I1KG132830277.jpg/full/max/0/default.jpg
137b,,https://iiif.bdrc.io/bdr:V1KG13126_I1KG13283::I1KG132830278.jpg/full/max/0/default.jpg
138a,བརྒྱ་ སོ་བརྒྱད་,https://iiif.bdrc.io/bdr:V1KG13126_I1KG13283::I1KG132830279.jpg/full/max/0/default.jpg
138b,,https://iiif.bdrc.io/bdr:V1KG13126_I1KG13283::I1KG132830280.jpg/full/max/0/default.jpg
139a,བརྒྱ་ སོ་དགུ་,https://iiif.bdrc.io/bdr:V1KG13126_I1KG13283::I1KG132830281.jpg/full/max/0/default.jpg
139b,,https://iiif.bdrc.io/bdr:V1KG13126_I1KG13283::I1KG132830282.jpg/full/max/0/default.jpg
140a,བརྒྱ་ བཞི་བཅུ་,https://iiif.bdrc.io/bdr:V1KG13126_I1KG13283::I1KG132830283.jpg/full/max/0/default.jpg
140b,,https://iiif.bdrc.io/bdr:V1KG13126_I1KG13283::I1KG132830284.jpg/full/max/0/default.jpg
141a,བརྒྱ་ ཞེ་གཅིག་,https://iiif.bdrc.io/bdr:V1KG13126_I1KG13283::I1KG132830285.jpg/full/max/0/default.jpg
141b,,https://iiif.bdrc.io/bdr:V1KG13126_I1KG13283::I1KG132830286.jpg/full/max/0/default.jpg
142a,བརྒྱ་ ཞེ་གཉིས་,https://iiif.bdrc.io/bdr:V1KG13126_I1KG13283::I1KG132830287.jpg/full/max/0/default.jpg
142b,,https://iiif.bdrc.io/bdr:V1KG13126_I1KG13283::I1KG132830288.jpg/full/max/0/default.jpg
143a,བརྒྱ་ ཞེ་གསུམ་,https://iiif.bdrc.io/bdr:V1KG13126_I1KG13283::I1KG132830289.jpg/full/max/0/default.jpg
143b,,https://iiif.bdrc.io/bdr:V1KG13126_I1KG13283::I1KG132830290.jpg/full/max/0/default.jpg
144a,བརྒྱ་ ཞེ་བཞི་,https://iiif.bdrc.io/bdr:V1KG13126_I1KG13283::I1KG132830291.jpg/full/max/0/default.jpg
144b,,https://iiif.bdrc.io/bdr:V1KG13126_I1KG13283::I1KG132830292.jpg/full/max/0/default.jpg
145a,བརྒྱ་ ཞེ་ལྔ་,https://iiif.bdrc.io/bdr:V1KG13126_I1KG13283::I1KG132830293.jpg/full/max/0/default.jpg
145b,,https://iiif.bdrc.io/bdr:V1KG13126_I1KG13283::I1KG132830294.jpg/full/max/0/default.jpg
146a,བརྒྱ་ ཞེ་དྲུག་,https://iiif.bdrc.io/bdr:V1KG13126_I1KG13283::I1KG132830295.jpg/full/max/0/default.jpg
146b,,https://iiif.bdrc.io/bdr:V1KG13126_I1KG13283::I1KG132830296.jpg/full/max/0/default.jpg
147a,བརྒྱ་ ཞེ་བདུན་,https://iiif.bdrc.io/bdr:V1KG13126_I1KG13283::I1KG132830297.jpg/full/max/0/default.jpg
147b,,https://iiif.bdrc.io/bdr:V1KG13126_I1KG13283::I1KG132830298.jpg/full/max/0/default.jpg
148a,བརྒྱ་ ཞེ་བརྒྱད་,https://iiif.bdrc.io/bdr:V1KG13126_I1KG13283::I1KG132830299.jpg/full/max/0/default.jpg
148b,,https://iiif.bdrc.io/bdr:V1KG13126_I1KG13283::I1KG132830300.jpg/full/max/0/default.jpg
149a,བརྒྱ་ ཞེ་དགུ་,https://iiif.bdrc.io/bdr:V1KG13126_I1KG13283::I1KG132830301.jpg/full/max/0/default.jpg
149b,,https://iiif.bdrc.io/bdr:V1KG13126_I1KG13283::I1KG132830302.jpg/full/max/0/default.jpg
150a,བརྒྱ་ ལྔ་བཅུ་,https://iiif.bdrc.io/bdr:V1KG13126_I1KG13283::I1KG132830303.jpg/full/max/0/default.jpg
150b,,https://iiif.bdrc.io/bdr:V1KG13126_I1KG13283::I1KG132830304.jpg/full/max/0/default.jpg
151a,བརྒྱ་ ང་གཅིག་,https://iiif.bdrc.io/bdr:V1KG13126_I1KG13283::I1KG132830305.jpg/full/max/0/default.jpg
151b,,https://iiif.bdrc.io/bdr:V1KG13126_I1KG13283::I1KG132830306.jpg/full/max/0/default.jpg
152a,བརྒྱ་ ང་གཉིས་,https://iiif.bdrc.io/bdr:V1KG13126_I1KG13283::I1KG132830307.jpg/full/max/0/default.jpg
152b,,https://iiif.bdrc.io/bdr:V1KG13126_I1KG13283::I1KG132830308.jpg/full/max/0/default.jpg
153a,བརྒྱ་ ང་གསུམ་,https://iiif.bdrc.io/bdr:V1KG13126_I1KG13283::I1KG132830309.jpg/full/max/0/default.jpg
153b,,https://iiif.bdrc.io/bdr:V1KG13126_I1KG13283::I1KG132830310.jpg/full/max/0/default.jpg
154a,བརྒྱ་ ང་བཞི་,https://iiif.bdrc.io/bdr:V1KG13126_I1KG13283::I1KG132830311.jpg/full/max/0/default.jpg
154b,,https://iiif.bdrc.io/bdr:V1KG13126_I1KG13283::I1KG132830312.jpg/full/max/0/default.jpg
155a,བརྒྱ་ ང་ལྔ་,https://iiif.bdrc.io/bdr:V1KG13126_I1KG13283::I1KG132830313.jpg/full/max/0/default.jpg
155b,,https://iiif.bdrc.io/bdr:V1KG13126_I1KG13283::I1KG132830314.jpg/full/max/0/default.jpg
156a,བརྒྱ་ ང་དྲུག་,https://iiif.bdrc.io/bdr:V1KG13126_I1KG13283::I1KG132830315.jpg/full/max/0/default.jpg
156b,,https://iiif.bdrc.io/bdr:V1KG13126_I1KG13283::I1KG132830316.jpg/full/max/0/default.jpg
157a,བརྒྱ་ ང་བདུན་,https://iiif.bdrc.io/bdr:V1KG13126_I1KG13283::I1KG132830317.jpg/full/max/0/default.jpg
157b,,https://iiif.bdrc.io/bdr:V1KG13126_I1KG13283::I1KG132830318.jpg/full/max/0/default.jpg
158a,བརྒྱ་ ང་བརྒྱད་,https://iiif.bdrc.io/bdr:V1KG13126_I1KG13283::I1KG132830319.jpg/full/max/0/default.jpg
158b,,https://iiif.bdrc.io/bdr:V1KG13126_I1KG13283::I1KG132830320.jpg/full/max/0/default.jpg
159a,བརྒྱ་ ང་དགུ་,https://iiif.bdrc.io/bdr:V1KG13126_I1KG13283::I1KG132830321.jpg/full/max/0/default.jpg
159b,,https://iiif.bdrc.io/bdr:V1KG13126_I1KG13283::I1KG132830322.jpg/full/max/0/default.jpg
160a,བརྒྱ་ དྲུག་བཅུ་,https://iiif.bdrc.io/bdr:V1KG13126_I1KG13283::I1KG132830323.jpg/full/max/0/default.jpg
160b,,https://iiif.bdrc.io/bdr:V1KG13126_I1KG13283::I1KG132830324.jpg/full/max/0/default.jpg
161a,བརྒྱ་ རེ་གཅིག་,https://iiif.bdrc.io/bdr:V1KG13126_I1KG13283::I1KG132830325.jpg/full/max/0/default.jpg
161b,,https://iiif.bdrc.io/bdr:V1KG13126_I1KG13283::I1KG132830326.jpg/full/max/0/default.jpg
162a,བརྒྱ་ རེ་གཉིས་,https://iiif.bdrc.io/bdr:V1KG13126_I1KG13283::I1KG132830327.jpg/full/max/0/default.jpg
162b,,https://iiif.bdrc.io/bdr:V1KG13126_I1KG13283::I1KG132830328.jpg/full/max/0/default.jpg
163a,བརྒྱ་ རེ་གསུམ་,https://iiif.bdrc.io/bdr:V1KG13126_I1KG13283::I1KG132830329.jpg/full/max/0/default.jpg
163b,,https://iiif.bdrc.io/bdr:V1KG13126_I1KG13283::I1KG132830330.jpg/full/max/0/default.jpg
164a,བརྒྱ་ རེ་བཞི་,https://iiif.bdrc.io/bdr:V1KG13126_I1KG13283::I1KG132830331.jpg/full/max/0/default.jpg
164b,,https://iiif.bdrc.io/bdr:V1KG13126_I1KG13283::I1KG132830332.jpg/full/max/0/default.jpg
165a,བརྒྱ་ རེ་ལྔ་,https://iiif.bdrc.io/bdr:V1KG13126_I1KG13283::I1KG132830333.jpg/full/max/0/default.jpg
165b,,https://iiif.bdrc.io/bdr:V1KG13126_I1KG13283::I1KG132830334.jpg/full/max/0/default.jpg
166a,བརྒྱ་ རེ་དྲུག་,https://iiif.bdrc.io/bdr:V1KG13126_I1KG13283::I1KG132830335.jpg/full/max/0/default.jpg
166b,,https://iiif.bdrc.io/bdr:V1KG13126_I1KG13283::I1KG132830336.jpg/full/max/0/default.jpg
167a,བརྒྱ་ རེ་བདུན་,https://iiif.bdrc.io/bdr:V1KG13126_I1KG13283::I1KG132830337.jpg/full/max/0/default.jpg
167b,,https://iiif.bdrc.io/bdr:V1KG13126_I1KG13283::I1KG132830338.jpg/full/max/0/default.jpg
168a,བརྒྱ་ རེ་བརྒྱད་,https://iiif.bdrc.io/bdr:V1KG13126_I1KG13283::I1KG132830339.jpg/full/max/0/default.jpg
168b,,https://iiif.bdrc.io/bdr:V1KG13126_I1KG13283::I1KG132830340.jpg/full/max/0/default.jpg
169a,བརྒྱ་ རེ་དགུ་,https://iiif.bdrc.io/bdr:V1KG13126_I1KG13283::I1KG132830341.jpg/full/max/0/default.jpg
169b,,https://iiif.bdrc.io/bdr:V1KG13126_I1KG13283::I1KG132830342.jpg/full/max/0/default.jpg
170a,བརྒྱ་ བདུན་བཅུ་,https://iiif.bdrc.io/bdr:V1KG13126_I1KG13283::I1KG132830343.jpg/full/max/0/default.jpg
170b,,https://iiif.bdrc.io/bdr:V1KG13126_I1KG13283::I1KG132830344.jpg/full/max/0/default.jpg
171a,བརྒྱ་ དོན་གཅིག་,https://iiif.bdrc.io/bdr:V1KG13126_I1KG13283::I1KG132830345.jpg/full/max/0/default.jpg
171b,,https://iiif.bdrc.io/bdr:V1KG13126_I1KG13283::I1KG132830346.jpg/full/max/0/default.jpg
172a,བརྒྱ་ དོན་གཉིས་,https://iiif.bdrc.io/bdr:V1KG13126_I1KG13283::I1KG132830347.jpg/full/max/0/default.jpg
172b,,https://iiif.bdrc.io/bdr:V1KG13126_I1KG13283::I1KG132830348.jpg/full/max/0/default.jpg
173a,བརྒྱ་ དོན་གསུམ་,https://iiif.bdrc.io/bdr:V1KG13126_I1KG13283::I1KG132830349.jpg/full/max/0/default.jpg
173b,,https://iiif.bdrc.io/bdr:V1KG13126_I1KG13283::I1KG132830350.jpg/full/max/0/default.jpg
174a,བརྒྱ་ དོན་བཞི་,https://iiif.bdrc.io/bdr:V1KG13126_I1KG13283::I1KG132830351.jpg/full/max/0/default.jpg
174b,,https://iiif.bdrc.io/bdr:V1KG13126_I1KG13283::I1KG132830352.jpg/full/max/0/default.jpg
175a,བརྒྱ་ དོན་ལྔ་,https://iiif.bdrc.io/bdr:V1KG13126_I1KG13283::I1KG132830353.jpg/full/max/0/default.jpg
175b,,https://iiif.bdrc.io/bdr:V1KG13126_I1KG13283::I1KG132830354.jpg/full/max/0/default.jpg
176a,བརྒྱ་ དོན་དྲུག་,https://iiif.bdrc.io/bdr:V1KG13126_I1KG13283::I1KG132830355.jpg/full/max/0/default.jpg
176b,,https://iiif.bdrc.io/bdr:V1KG13126_I1KG13283::I1KG132830356.jpg/full/max/0/default.jpg
177a,བརྒྱ་ དོན་བདུན་,https://iiif.bdrc.io/bdr:V1KG13126_I1KG13283::I1KG132830357.jpg/full/max/0/default.jpg
177b,,https://iiif.bdrc.io/bdr:V1KG13126_I1KG13283::I1KG132830358.jpg/full/max/0/default.jpg
178a,བརྒྱ་ དོན་བརྒྱད་,https://iiif.bdrc.io/bdr:V1KG13126_I1KG13283::I1KG132830359.jpg/full/max/0/default.jpg
178b,,https://iiif.bdrc.io/bdr:V1KG13126_I1KG13283::I1KG132830360.jpg/full/max/0/default.jpg
179a,བརྒྱ་ དོན་དགུ་,https://iiif.bdrc.io/bdr:V1KG13126_I1KG13283::I1KG132830361.jpg/full/max/0/default.jpg
179b,,https://iiif.bdrc.io/bdr:V1KG13126_I1KG13283::I1KG132830362.jpg/full/max/0/default.jpg
180a,བརྒྱ་ བརྒྱད་བཅུ་,https://iiif.bdrc.io/bdr:V1KG13126_I1KG13283::I1KG132830363.jpg/full/max/0/default.jpg
180b,,https://iiif.bdrc.io/bdr:V1KG13126_I1KG13283::I1KG132830364.jpg/full/max/0/default.jpg
181a,བརྒྱ་ གྱ་གཅིག་,https://iiif.bdrc.io/bdr:V1KG13126_I1KG13283::I1KG132830365.jpg/full/max/0/default.jpg
181b,,https://iiif.bdrc.io/bdr:V1KG13126_I1KG13283::I1KG132830366.jpg/full/max/0/default.jpg
182a,བརྒྱ་ གྱ་གཉིས་,https://iiif.bdrc.io/bdr:V1KG13126_I1KG13283::I1KG132830367.jpg/full/max/0/default.jpg
182b,,https://iiif.bdrc.io/bdr:V1KG13126_I1KG13283::I1KG132830368.jpg/full/max/0/default.jpg
183a,བརྒྱ་ གྱ་གསུམ་,https://iiif.bdrc.io/bdr:V1KG13126_I1KG13283::I1KG132830369.jpg/full/max/0/default.jpg
183b,,https://iiif.bdrc.io/bdr:V1KG13126_I1KG13283::I1KG132830370.jpg/full/max/0/default.jpg
184a,བརྒྱ་ གྱ་བཞི་,https://iiif.bdrc.io/bdr:V1KG13126_I1KG13283::I1KG132830371.jpg/full/max/0/default.jpg
184b,,https://iiif.bdrc.io/bdr:V1KG13126_I1KG13283::I1KG132830372.jpg/full/max/0/default.jpg
185a,བརྒྱ་ གྱ་ལྔ་,https://iiif.bdrc.io/bdr:V1KG13126_I1KG13283::I1KG132830373.jpg/full/max/0/default.jpg
185b,,https://iiif.bdrc.io/bdr:V1KG13126_I1KG13283::I1KG132830374.jpg/full/max/0/default.jpg
186a,བརྒྱ་ གྱ་དྲུག་,https://iiif.bdrc.io/bdr:V1KG13126_I1KG13283::I1KG132830375.jpg/full/max/0/default.jpg
186b,,https://iiif.bdrc.io/bdr:V1KG13126_I1KG13283::I1KG132830376.jpg/full/max/0/default.jpg
187a,བརྒྱ་ གྱ་བདུན་,https://iiif.bdrc.io/bdr:V1KG13126_I1KG13283::I1KG132830377.jpg/full/max/0/default.jpg
187b,,https://iiif.bdrc.io/bdr:V1KG13126_I1KG13283::I1KG132830378.jpg/full/max/0/default.jpg
188a,བརྒྱ་ གྱ་བརྒྱད་,https://iiif.bdrc.io/bdr:V1KG13126_I1KG13283::I1KG132830379.jpg/full/max/0/default.jpg
188b,,https://iiif.bdrc.io/bdr:V1KG13126_I1KG13283::I1KG132830380.jpg/full/max/0/default.jpg
189a,བརྒྱ་ གྱ་དགུ་,https://iiif.bdrc.io/bdr:V1KG13126_I1KG13283::I1KG132830381.jpg/full/max/0/default.jpg
189b,,https://iiif.bdrc.io/bdr:V1KG13126_I1KG13283::I1KG132830382.jpg/full/max/0/default.jpg
190a,བརྒྱ་ དགུ་བཅུ་,https://iiif.bdrc.io/bdr:V1KG13126_I1KG13283::I1KG132830383.jpg/full/max/0/default.jpg
190b,,https://iiif.bdrc.io/bdr:V1KG13126_I1KG13283::I1KG132830384.jpg/full/max/0/default.jpg
191a,བརྒྱ་ གོ་གཅིག་,https://iiif.bdrc.io/bdr:V1KG13126_I1KG13283::I1KG132830385.jpg/full/max/0/default.jpg
191b,,https://iiif.bdrc.io/bdr:V1KG13126_I1KG13283::I1KG132830386.jpg/full/max/0/default.jpg
192a,བརྒྱ་ གོ་གཉིས་,https://iiif.bdrc.io/bdr:V1KG13126_I1KG13283::I1KG132830387.jpg/full/max/0/default.jpg
192b,,https://iiif.bdrc.io/bdr:V1KG13126_I1KG13283::I1KG132830388.jpg/full/max/0/default.jpg
193a,བརྒྱ་ གོ་གསུམ་,https://iiif.bdrc.io/bdr:V1KG13126_I1KG13283::I1KG132830389.jpg/full/max/0/default.jpg
193b,,https://iiif.bdrc.io/bdr:V1KG13126_I1KG13283::I1KG132830390.jpg/full/max/0/default.jpg
194a,བརྒྱ་ གོ་བཞི་,https://iiif.bdrc.io/bdr:V1KG13126_I1KG13283::I1KG132830391.jpg/full/max/0/default.jpg
194b,,https://iiif.bdrc.io/bdr:V1KG13126_I1KG13283::I1KG132830392.jpg/full/max/0/default.jpg
195a,བརྒྱ་ གོ་ལྔ་,https://iiif.bdrc.io/bdr:V1KG13126_I1KG13283::I1KG132830393.jpg/full/max/0/default.jpg
195b,,https://iiif.bdrc.io/bdr:V1KG13126_I1KG13283::I1KG132830394.jpg/full/max/0/default.jpg
196a,བརྒྱ་ གོ་དྲུག་,https://iiif.bdrc.io/bdr:V1KG13126_I1KG13283::I1KG132830395.jpg/full/max/0/default.jpg
196b,,https://iiif.bdrc.io/bdr:V1KG13126_I1KG13283::I1KG132830396.jpg/full/max/0/default.jpg
197a,བརྒྱ་ གོ་བདུན་,https://iiif.bdrc.io/bdr:V1KG13126_I1KG13283::I1KG132830397.jpg/full/max/0/default.jpg
197b,,https://iiif.bdrc.io/bdr:V1KG13126_I1KG13283::I1KG132830398.jpg/full/max/0/default.jpg
198a,བརྒྱ་ གོ་བརྒྱད་,https://iiif.bdrc.io/bdr:V1KG13126_I1KG13283::I1KG132830399.jpg/full/max/0/default.jpg
198b,,https://iiif.bdrc.io/bdr:V1KG13126_I1KG13283::I1KG132830400.jpg/full/max/0/default.jpg
199a,བརྒྱ་ གོ་དགུ་,https://iiif.bdrc.io/bdr:V1KG13126_I1KG13283::I1KG132830401.jpg/full/max/0/default.jpg
199b,,https://iiif.bdrc.io/bdr:V1KG13126_I1KG13283::I1KG132830402.jpg/full/max/0/default.jpg
200a,གཉིས་བརྒྱ་,https://iiif.bdrc.io/bdr:V1KG13126_I1KG13283::I1KG132830403.jpg/full/max/0/default.jpg
200b,,https://iiif.bdrc.io/bdr:V1KG13126_I1KG13283::I1KG132830404.jpg/full/max/0/default.jpg
201a,གཉིས་བརྒྱ་ གཅིག་,https://iiif.bdrc.io/bdr:V1KG13126_I1KG13283::I1KG132830405.jpg/full/max/0/default.jpg
201b,,https://iiif.bdrc.io/bdr:V1KG13126_I1KG13283::I1KG132830406.jpg/full/max/0/default.jpg
202a,གཉིས་བརྒྱ་ གཉིས་,https://iiif.bdrc.io/bdr:V1KG13126_I1KG13283::I1KG132830407.jpg/full/max/0/default.jpg
202b,,https://iiif.bdrc.io/bdr:V1KG13126_I1KG13283::I1KG132830408.jpg/full/max/0/default.jpg
203a,གཉིས་བརྒྱ་ གསུམ་,https://iiif.bdrc.io/bdr:V1KG13126_I1KG13283::I1KG132830409.jpg/full/max/0/default.jpg
203b,,https://iiif.bdrc.io/bdr:V1KG13126_I1KG13283::I1KG132830410.jpg/full/max/0/default.jpg
204a,གཉིས་བརྒྱ་ བཞི་,https://iiif.bdrc.io/bdr:V1KG13126_I1KG13283::I1KG132830411.jpg/full/max/0/default.jpg
204b,,https://iiif.bdrc.io/bdr:V1KG13126_I1KG13283::I1KG132830412.jpg/full/max/0/default.jpg
205a,གཉིས་བརྒྱ་ ལྔ་,https://iiif.bdrc.io/bdr:V1KG13126_I1KG13283::I1KG132830413.jpg/full/max/0/default.jpg
205b,,https://iiif.bdrc.io/bdr:V1KG13126_I1KG13283::I1KG132830414.jpg/full/max/0/default.jpg
206a,གཉིས་བརྒྱ་ དྲུག་,https://iiif.bdrc.io/bdr:V1KG13126_I1KG13283::I1KG132830415.jpg/full/max/0/default.jpg
206b,,https://iiif.bdrc.io/bdr:V1KG13126_I1KG13283::I1KG132830416.jpg/full/max/0/default.jpg
207a,གཉིས་བརྒྱ་ བདུན་,https://iiif.bdrc.io/bdr:V1KG13126_I1KG13283::I1KG132830417.jpg/full/max/0/default.jpg
207b,,https://iiif.bdrc.io/bdr:V1KG13126_I1KG13283::I1KG132830418.jpg/full/max/0/default.jpg
208a,གཉིས་བརྒྱ་ བརྒྱད་,https://iiif.bdrc.io/bdr:V1KG13126_I1KG13283::I1KG132830419.jpg/full/max/0/default.jpg
208b,,https://iiif.bdrc.io/bdr:V1KG13126_I1KG13283::I1KG132830420.jpg/full/max/0/default.jpg
209a,གཉིས་བརྒྱ་ དགུ་,https://iiif.bdrc.io/bdr:V1KG13126_I1KG13283::I1KG132830421.jpg/full/max/0/default.jpg
209b,,https://iiif.bdrc.io/bdr:V1KG13126_I1KG13283::I1KG132830422.jpg/full/max/0/default.jpg
210a,གཉིས་བརྒྱ་ བཅུ་,https://iiif.bdrc.io/bdr:V1KG13126_I1KG13283::I1KG132830423.jpg/full/max/0/default.jpg
210b,,https://iiif.bdrc.io/bdr:V1KG13126_I1KG13283::I1KG132830424.jpg/full/max/0/default.jpg
211a,གཉིས་བརྒྱ་ བཅུ་གཅིག་,https://iiif.bdrc.io/bdr:V1KG13126_I1KG13283::I1KG132830425.jpg/full/max/0/default.jpg
211b,,https://iiif.bdrc.io/bdr:V1KG13126_I1KG13283::I1KG132830426.jpg/full/max/0/default.jpg
212a,གཉིས་བརྒྱ་ བཅུ་གཉིས་,https://iiif.bdrc.io/bdr:V1KG13126_I1KG13283::I1KG132830427.jpg/full/max/0/default.jpg
212b,,https://iiif.bdrc.io/bdr:V1KG13126_I1KG13283::I1KG132830428.jpg/full/max/0/default.jpg
213a,གཉིས་བརྒྱ་ བཅུ་གསུམ་,https://iiif.bdrc.io/bdr:V1KG13126_I1KG13283::I1KG132830429.jpg/full/max/0/default.jpg
213b,,https://iiif.bdrc.io/bdr:V1KG13126_I1KG13283::I1KG132830430.jpg/full/max/0/default.jpg
214a,གཉིས་བརྒྱ་ བཅུ་བཞི་,https://iiif.bdrc.io/bdr:V1KG13126_I1KG13283::I1KG132830431.jpg/full/max/0/default.jpg
214b,,https://iiif.bdrc.io/bdr:V1KG13126_I1KG13283::I1KG132830432.jpg/full/max/0/default.jpg
215a,གཉིས་བརྒྱ་ བཅོ་ལྔ་,https://iiif.bdrc.io/bdr:V1KG13126_I1KG13283::I1KG132830433.jpg/full/max/0/default.jpg
215b,,https://iiif.bdrc.io/bdr:V1KG13126_I1KG13283::I1KG132830434.jpg/full/max/0/default.jpg
216a,གཉིས་བརྒྱ་ བཅུ་དྲུག་,https://iiif.bdrc.io/bdr:V1KG13126_I1KG13283::I1KG132830435.jpg/full/max/0/default.jpg
216b,,https://iiif.bdrc.io/bdr:V1KG13126_I1KG13283::I1KG132830436.jpg/full/max/0/default.jpg
217a,གཉིས་བརྒྱ་ བཅུ་བདུན་,https://iiif.bdrc.io/bdr:V1KG13126_I1KG13283::I1KG132830437.jpg/full/max/0/default.jpg
217b,,https://iiif.bdrc.io/bdr:V1KG13126_I1KG13283::I1KG132830438.jpg/full/max/0/default.jpg
218a,གཉིས་བརྒྱ་ བཅོ་བརྒྱད་,https://iiif.bdrc.io/bdr:V1KG13126_I1KG13283::I1KG132830439.jpg/full/max/0/default.jpg
218b,,https://iiif.bdrc.io/bdr:V1KG13126_I1KG13283::I1KG132830440.jpg/full/max/0/default.jpg
219a,གཉིས་བརྒྱ་ བཅུ་དགུ་,https://iiif.bdrc.io/bdr:V1KG13126_I1KG13283::I1KG132830441.jpg/full/max/0/default.jpg
219b,,https://iiif.bdrc.io/bdr:V1KG13126_I1KG13283::I1KG132830442.jpg/full/max/0/default.jpg
220a,གཉིས་བརྒྱ་ ཉི་ཤུ,https://iiif.bdrc.io/bdr:V1KG13126_I1KG13283::I1KG132830443.jpg/full/max/0/default.jpg
220b,,https://iiif.bdrc.io/bdr:V1KG13126_I1KG13283::I1KG132830444.jpg/full/max/0/default.jpg
221a,གཉིས་བརྒྱ་ ཉེར་གཅིག་,https://iiif.bdrc.io/bdr:V1KG13126_I1KG13283::I1KG132830445.jpg/full/max/0/default.jpg
221b,,https://iiif.bdrc.io/bdr:V1KG13126_I1KG13283::I1KG132830446.jpg/full/max/0/default.jpg
222a,གཉིས་བརྒྱ་ ཉེར་གཉིས་,https://iiif.bdrc.io/bdr:V1KG13126_I1KG13283::I1KG132830447.jpg/full/max/0/default.jpg
222b,,https://iiif.bdrc.io/bdr:V1KG13126_I1KG13283::I1KG132830448.jpg/full/max/0/default.jpg
223a,གཉིས་བརྒྱ་ ཉེར་གསུམ་,https://iiif.bdrc.io/bdr:V1KG13126_I1KG13283::I1KG132830449.jpg/full/max/0/default.jpg
223b,,https://iiif.bdrc.io/bdr:V1KG13126_I1KG13283::I1KG132830450.jpg/full/max/0/default.jpg
224a,གཉིས་བརྒྱ་ ཉེར་བཞི་,https://iiif.bdrc.io/bdr:V1KG13126_I1KG13283::I1KG132830451.jpg/full/max/0/default.jpg
224b,,https://iiif.bdrc.io/bdr:V1KG13126_I1KG13283::I1KG132830452.jpg/full/max/0/default.jpg
225a,གཉིས་བརྒྱ་ ཉེར་ལྔ་,https://iiif.bdrc.io/bdr:V1KG13126_I1KG13283::I1KG132830453.jpg/full/max/0/default.jpg
225b,,https://iiif.bdrc.io/bdr:V1KG13126_I1KG13283::I1KG132830454.jpg/full/max/0/default.jpg
226a,གཉིས་བརྒྱ་ ཉེར་དྲུག་,https://iiif.bdrc.io/bdr:V1KG13126_I1KG13283::I1KG132830455.jpg/full/max/0/default.jpg
226b,,https://iiif.bdrc.io/bdr:V1KG13126_I1KG13283::I1KG132830456.jpg/full/max/0/default.jpg
227a,གཉིས་བརྒྱ་ ཉེར་བདུན་,https://iiif.bdrc.io/bdr:V1KG13126_I1KG13283::I1KG132830457.jpg/full/max/0/default.jpg
227b,,https://iiif.bdrc.io/bdr:V1KG13126_I1KG13283::I1KG132830458.jpg/full/max/0/default.jpg
228a,གཉིས་བརྒྱ་ ཉེར་བརྒྱད་,https://iiif.bdrc.io/bdr:V1KG13126_I1KG13283::I1KG132830459.jpg/full/max/0/default.jpg
228b,,https://iiif.bdrc.io/bdr:V1KG13126_I1KG13283::I1KG132830460.jpg/full/max/0/default.jpg
229a,གཉིས་བརྒྱ་ ཉེར་དགུ་,https://iiif.bdrc.io/bdr:V1KG13126_I1KG13283::I1KG132830461.jpg/full/max/0/default.jpg
229b,,https://iiif.bdrc.io/bdr:V1KG13126_I1KG13283::I1KG132830462.jpg/full/max/0/default.jpg
230a,གཉིས་བརྒྱ་ སུམ་བཅུ་,https://iiif.bdrc.io/bdr:V1KG13126_I1KG13283::I1KG132830463.jpg/full/max/0/default.jpg
230b,,https://iiif.bdrc.io/bdr:V1KG13126_I1KG13283::I1KG132830464.jpg/full/max/0/default.jpg
231a,གཉིས་བརྒྱ་ སོ་གཅིག་,https://iiif.bdrc.io/bdr:V1KG13126_I1KG13283::I1KG132830465.jpg/full/max/0/default.jpg
231b,,https://iiif.bdrc.io/bdr:V1KG13126_I1KG13283::I1KG132830466.jpg/full/max/0/default.jpg
232a,གཉིས་བརྒྱ་ སོ་གཉིས་,https://iiif.bdrc.io/bdr:V1KG13126_I1KG13283::I1KG132830467.jpg/full/max/0/default.jpg
232b,,https://iiif.bdrc.io/bdr:V1KG13126_I1KG13283::I1KG132830468.jpg/full/max/0/default.jpg
233a,གཉིས་བརྒྱ་ སོ་གསུམ་,https://iiif.bdrc.io/bdr:V1KG13126_I1KG13283::I1KG132830469.jpg/full/max/0/default.jpg
233b,,https://iiif.bdrc.io/bdr:V1KG13126_I1KG13283::I1KG132830470.jpg/full/max/0/default.jpg
234a,གཉིས་བརྒྱ་ སོ་བཞི་,https://iiif.bdrc.io/bdr:V1KG13126_I1KG13283::I1KG132830471.jpg/full/max/0/default.jpg
234b,,https://iiif.bdrc.io/bdr:V1KG13126_I1KG13283::I1KG132830472.jpg/full/max/0/default.jpg
235a,གཉིས་བརྒྱ་ སོ་ལྔ་,https://iiif.bdrc.io/bdr:V1KG13126_I1KG13283::I1KG132830473.jpg/full/max/0/default.jpg
235b,,https://iiif.bdrc.io/bdr:V1KG13126_I1KG13283::I1KG132830474.jpg/full/max/0/default.jpg
236a,གཉིས་བརྒྱ་ སོ་དྲུག་,https://iiif.bdrc.io/bdr:V1KG13126_I1KG13283::I1KG132830475.jpg/full/max/0/default.jpg
236b,,https://iiif.bdrc.io/bdr:V1KG13126_I1KG13283::I1KG132830476.jpg/full/max/0/default.jpg
237a,གཉིས་བརྒྱ་ སོ་བདུན་,https://iiif.bdrc.io/bdr:V1KG13126_I1KG13283::I1KG132830477.jpg/full/max/0/default.jpg
237b,,https://iiif.bdrc.io/bdr:V1KG13126_I1KG13283::I1KG132830478.jpg/full/max/0/default.jpg
238a,གཉིས་བརྒྱ་ སོ་བརྒྱད་,https://iiif.bdrc.io/bdr:V1KG13126_I1KG13283::I1KG132830479.jpg/full/max/0/default.jpg
238b,,https://iiif.bdrc.io/bdr:V1KG13126_I1KG13283::I1KG132830480.jpg/full/max/0/default.jpg
239a,གཉིས་བརྒྱ་ སོ་དགུ་,https://iiif.bdrc.io/bdr:V1KG13126_I1KG13283::I1KG132830481.jpg/full/max/0/default.jpg
239b,,https://iiif.bdrc.io/bdr:V1KG13126_I1KG13283::I1KG132830482.jpg/full/max/0/default.jpg
240a,གཉིས་བརྒྱ་ བཞི་བཅུ་,https://iiif.bdrc.io/bdr:V1KG13126_I1KG13283::I1KG132830483.jpg/full/max/0/default.jpg
240b,,https://iiif.bdrc.io/bdr:V1KG13126_I1KG13283::I1KG132830484.jpg/full/max/0/default.jpg
241a,གཉིས་བརྒྱ་ ཞེ་གཅིག་,https://iiif.bdrc.io/bdr:V1KG13126_I1KG13283::I1KG132830485.jpg/full/max/0/default.jpg
241b,,https://iiif.bdrc.io/bdr:V1KG13126_I1KG13283::I1KG132830486.jpg/full/max/0/default.jpg
242a,གཉིས་བརྒྱ་ ཞེ་གཉིས་,https://iiif.bdrc.io/bdr:V1KG13126_I1KG13283::I1KG132830487.jpg/full/max/0/default.jpg
242b,,https://iiif.bdrc.io/bdr:V1KG13126_I1KG13283::I1KG132830488.jpg/full/max/0/default.jpg
243a,གཉིས་བརྒྱ་ ཞེ་གསུམ་,https://iiif.bdrc.io/bdr:V1KG13126_I1KG13283::I1KG132830489.jpg/full/max/0/default.jpg
243b,,https://iiif.bdrc.io/bdr:V1KG13126_I1KG13283::I1KG132830490.jpg/full/max/0/default.jpg
244a,གཉིས་བརྒྱ་ ཞེ་བཞི་,https://iiif.bdrc.io/bdr:V1KG13126_I1KG13283::I1KG132830491.jpg/full/max/0/default.jpg
244b,,https://iiif.bdrc.io/bdr:V1KG13126_I1KG13283::I1KG132830492.jpg/full/max/0/default.jpg
245a,གཉིས་བརྒྱ་ ཞེ་ལྔ་,https://iiif.bdrc.io/bdr:V1KG13126_I1KG13283::I1KG132830493.jpg/full/max/0/default.jpg
245b,,https://iiif.bdrc.io/bdr:V1KG13126_I1KG13283::I1KG132830494.jpg/full/max/0/default.jpg
246a,གཉིས་བརྒྱ་ ཞེ་དྲུག་,https://iiif.bdrc.io/bdr:V1KG13126_I1KG13283::I1KG132830495.jpg/full/max/0/default.jpg
246b,,https://iiif.bdrc.io/bdr:V1KG13126_I1KG13283::I1KG132830496.jpg/full/max/0/default.jpg
247a,གཉིས་བརྒྱ་ ཞེ་བདུན་,https://iiif.bdrc.io/bdr:V1KG13126_I1KG13283::I1KG132830497.jpg/full/max/0/default.jpg
247b,,https://iiif.bdrc.io/bdr:V1KG13126_I1KG13283::I1KG132830498.jpg/full/max/0/default.jpg
248a,གཉིས་བརྒྱ་ ཞེ་བརྒྱད་,https://iiif.bdrc.io/bdr:V1KG13126_I1KG13283::I1KG132830499.jpg/full/max/0/default.jpg
248b,,https://iiif.bdrc.io/bdr:V1KG13126_I1KG13283::I1KG132830500.jpg/full/max/0/default.jpg
249a,གཉིས་བརྒྱ་ ཞེ་དགུ་,https://iiif.bdrc.io/bdr:V1KG13126_I1KG13283::I1KG132830501.jpg/full/max/0/default.jpg
249b,,https://iiif.bdrc.io/bdr:V1KG13126_I1KG13283::I1KG132830502.jpg/full/max/0/default.jpg
250a,གཉིས་བརྒྱ་ ལྔ་བཅུ་,https://iiif.bdrc.io/bdr:V1KG13126_I1KG13283::I1KG132830503.jpg/full/max/0/default.jpg
250b,,https://iiif.bdrc.io/bdr:V1KG13126_I1KG13283::I1KG132830504.jpg/full/max/0/default.jpg
251a,གཉིས་བརྒྱ་ ང་གཅིག་,https://iiif.bdrc.io/bdr:V1KG13126_I1KG13283::I1KG132830505.jpg/full/max/0/default.jpg
251b,,https://iiif.bdrc.io/bdr:V1KG13126_I1KG13283::I1KG132830506.jpg/full/max/0/default.jpg
252a,གཉིས་བརྒྱ་ ང་གཉིས་,https://iiif.bdrc.io/bdr:V1KG13126_I1KG13283::I1KG132830507.jpg/full/max/0/default.jpg
252b,,https://iiif.bdrc.io/bdr:V1KG13126_I1KG13283::I1KG132830508.jpg/full/max/0/default.jpg
253a,གཉིས་བརྒྱ་ ང་གསུམ་,https://iiif.bdrc.io/bdr:V1KG13126_I1KG13283::I1KG132830509.jpg/full/max/0/default.jpg
253b,,https://iiif.bdrc.io/bdr:V1KG13126_I1KG13283::I1KG132830510.jpg/full/max/0/default.jpg
254a,གཉིས་བརྒྱ་ ང་བཞི་,https://iiif.bdrc.io/bdr:V1KG13126_I1KG13283::I1KG132830511.jpg/full/max/0/default.jpg
254b,,https://iiif.bdrc.io/bdr:V1KG13126_I1KG13283::I1KG132830512.jpg/full/max/0/default.jpg
255a,གཉིས་བརྒྱ་ ང་ལྔ་,https://iiif.bdrc.io/bdr:V1KG13126_I1KG13283::I1KG132830513.jpg/full/max/0/default.jpg
255b,,https://iiif.bdrc.io/bdr:V1KG13126_I1KG13283::I1KG132830514.jpg/full/max/0/default.jpg
256a,གཉིས་བརྒྱ་ ང་དྲུག་,https://iiif.bdrc.io/bdr:V1KG13126_I1KG13283::I1KG132830515.jpg/full/max/0/default.jpg
256b,,https://iiif.bdrc.io/bdr:V1KG13126_I1KG13283::I1KG132830516.jpg/full/max/0/default.jpg
257a,གཉིས་བརྒྱ་ ང་བདུན་,https://iiif.bdrc.io/bdr:V1KG13126_I1KG13283::I1KG132830517.jpg/full/max/0/default.jpg
257b,,https://iiif.bdrc.io/bdr:V1KG13126_I1KG13283::I1KG132830518.jpg/full/max/0/default.jpg
258a,གཉིས་བརྒྱ་ ང་བརྒྱད་,https://iiif.bdrc.io/bdr:V1KG13126_I1KG13283::I1KG132830519.jpg/full/max/0/default.jpg
258b,,https://iiif.bdrc.io/bdr:V1KG13126_I1KG13283::I1KG132830520.jpg/full/max/0/default.jpg
259a,གཉིས་བརྒྱ་ ང་དགུ་,https://iiif.bdrc.io/bdr:V1KG13126_I1KG13283::I1KG132830521.jpg/full/max/0/default.jpg
259b,,https://iiif.bdrc.io/bdr:V1KG13126_I1KG13283::I1KG132830522.jpg/full/max/0/default.jpg
260a,གཉིས་བརྒྱ་ དྲུག་བཅུ་,https://iiif.bdrc.io/bdr:V1KG13126_I1KG13283::I1KG132830523.jpg/full/max/0/default.jpg
260b,,https://iiif.bdrc.io/bdr:V1KG13126_I1KG13283::I1KG132830524.jpg/full/max/0/default.jpg
261a,གཉིས་བརྒྱ་ རེ་གཅིག་,https://iiif.bdrc.io/bdr:V1KG13126_I1KG13283::I1KG132830525.jpg/full/max/0/default.jpg
261b,,https://iiif.bdrc.io/bdr:V1KG13126_I1KG13283::I1KG132830526.jpg/full/max/0/default.jpg
262a,གཉིས་བརྒྱ་ རེ་གཉིས་,https://iiif.bdrc.io/bdr:V1KG13126_I1KG13283::I1KG132830527.jpg/full/max/0/default.jpg
262b,,https://iiif.bdrc.io/bdr:V1KG13126_I1KG13283::I1KG132830528.jpg/full/max/0/default.jpg
263a,གཉིས་བརྒྱ་ རེ་གསུམ་,https://iiif.bdrc.io/bdr:V1KG13126_I1KG13283::I1KG132830529.jpg/full/max/0/default.jpg
263b,,https://iiif.bdrc.io/bdr:V1KG13126_I1KG13283::I1KG132830530.jpg/full/max/0/default.jpg
264a,གཉིས་བརྒྱ་ རེ་བཞི་,https://iiif.bdrc.io/bdr:V1KG13126_I1KG13283::I1KG132830531.jpg/full/max/0/default.jpg
264b,,https://iiif.bdrc.io/bdr:V1KG13126_I1KG13283::I1KG132830532.jpg/full/max/0/default.jpg
265a,གཉིས་བརྒྱ་ རེ་ལྔ་,https://iiif.bdrc.io/bdr:V1KG13126_I1KG13283::I1KG132830533.jpg/full/max/0/default.jpg
265b,,https://iiif.bdrc.io/bdr:V1KG13126_I1KG13283::I1KG132830534.jpg/full/max/0/default.jpg
266a,གཉིས་བརྒྱ་ རེ་དྲུག་,https://iiif.bdrc.io/bdr:V1KG13126_I1KG13283::I1KG132830535.jpg/full/max/0/default.jpg
266b,,https://iiif.bdrc.io/bdr:V1KG13126_I1KG13283::I1KG132830536.jpg/full/max/0/default.jpg
267a,གཉིས་བརྒྱ་ རེ་བདུན་,https://iiif.bdrc.io/bdr:V1KG13126_I1KG13283::I1KG132830537.jpg/full/max/0/default.jpg
267b,,https://iiif.bdrc.io/bdr:V1KG13126_I1KG13283::I1KG132830538.jpg/full/max/0/default.jpg
268a,གཉིས་བརྒྱ་ རེ་བརྒྱད་,https://iiif.bdrc.io/bdr:V1KG13126_I1KG13283::I1KG132830539.jpg/full/max/0/default.jpg
268b,,https://iiif.bdrc.io/bdr:V1KG13126_I1KG13283::I1KG132830540.jpg/full/max/0/default.jpg
269a,གཉིས་བརྒྱ་ རེ་དགུ་,https://iiif.bdrc.io/bdr:V1KG13126_I1KG13283::I1KG132830541.jpg/full/max/0/default.jpg
269b,,https://iiif.bdrc.io/bdr:V1KG13126_I1KG13283::I1KG132830542.jpg/full/max/0/default.jpg
270a,གཉིས་བརྒྱ་ བདུན་བཅུ་,https://iiif.bdrc.io/bdr:V1KG13126_I1KG13283::I1KG132830543.jpg/full/max/0/default.jpg
270b,,https://iiif.bdrc.io/bdr:V1KG13126_I1KG13283::I1KG132830544.jpg/full/max/0/default.jpg
271a,གཉིས་བརྒྱ་ དོན་གཅིག་,https://iiif.bdrc.io/bdr:V1KG13126_I1KG13283::I1KG132830545.jpg/full/max/0/default.jpg
271b,,https://iiif.bdrc.io/bdr:V1KG13126_I1KG13283::I1KG132830546.jpg/full/max/0/default.jpg
272a,གཉིས་བརྒྱ་ དོན་གཉིས་,https://iiif.bdrc.io/bdr:V1KG13126_I1KG13283::I1KG132830547.jpg/full/max/0/default.jpg
272b,,https://iiif.bdrc.io/bdr:V1KG13126_I1KG13283::I1KG132830548.jpg/full/max/0/default.jpg
273a,གཉིས་བརྒྱ་ དོན་གསུམ་,https://iiif.bdrc.io/bdr:V1KG13126_I1KG13283::I1KG132830549.jpg/full/max/0/default.jpg
273b,,https://iiif.bdrc.io/bdr:V1KG13126_I1KG13283::I1KG132830550.jpg/full/max/0/default.jpg
274a,གཉིས་བརྒྱ་ དོན་བཞི་,https://iiif.bdrc.io/bdr:V1KG13126_I1KG13283::I1KG132830551.jpg/full/max/0/default.jpg
274b,,https://iiif.bdrc.io/bdr:V1KG13126_I1KG13283::I1KG132830552.jpg/full/max/0/default.jpg
275a,གཉིས་བརྒྱ་ དོན་ལྔ་,https://iiif.bdrc.io/bdr:V1KG13126_I1KG13283::I1KG132830553.jpg/full/max/0/default.jpg
275b,,https://iiif.bdrc.io/bdr:V1KG13126_I1KG13283::I1KG132830554.jpg/full/max/0/default.jpg
276a,གཉིས་བརྒྱ་ དོན་དྲུག་,https://iiif.bdrc.io/bdr:V1KG13126_I1KG13283::I1KG132830555.jpg/full/max/0/default.jpg
276b,,https://iiif.bdrc.io/bdr:V1KG13126_I1KG13283::I1KG132830556.jpg/full/max/0/default.jpg
277a,གཉིས་བརྒྱ་ དོན་བདུན་,https://iiif.bdrc.io/bdr:V1KG13126_I1KG13283::I1KG132830557.jpg/full/max/0/default.jpg
277b,,https://iiif.bdrc.io/bdr:V1KG13126_I1KG13283::I1KG132830558.jpg/full/max/0/default.jpg
278a,གཉིས་བརྒྱ་ དོན་བརྒྱད་,https://iiif.bdrc.io/bdr:V1KG13126_I1KG13283::I1KG132830559.jpg/full/max/0/default.jpg
278b,,https://iiif.bdrc.io/bdr:V1KG13126_I1KG13283::I1KG132830560.jpg/full/max/0/default.jpg
279a,གཉིས་བརྒྱ་ དོན་དགུ་,https://iiif.bdrc.io/bdr:V1KG13126_I1KG13283::I1KG132830561.jpg/full/max/0/default.jpg
279b,,https://iiif.bdrc.io/bdr:V1KG13126_I1KG13283::I1KG132830562.jpg/full/max/0/default.jpg
280a,གཉིས་བརྒྱ་ བརྒྱད་བཅུ་,https://iiif.bdrc.io/bdr:V1KG13126_I1KG13283::I1KG132830563.jpg/full/max/0/default.jpg
280b,,https://iiif.bdrc.io/bdr:V1KG13126_I1KG13283::I1KG132830564.jpg/full/max/0/default.jpg
281a,གཉིས་བརྒྱ་ གྱ་གཅིག་,https://iiif.bdrc.io/bdr:V1KG13126_I1KG13283::I1KG132830565.jpg/full/max/0/default.jpg
281b,,https://iiif.bdrc.io/bdr:V1KG13126_I1KG13283::I1KG132830566.jpg/full/max/0/default.jpg
282a,གཉིས་བརྒྱ་ གྱ་གཉིས་,https://iiif.bdrc.io/bdr:V1KG13126_I1KG13283::I1KG132830567.jpg/full/max/0/default.jpg
282b,,https://iiif.bdrc.io/bdr:V1KG13126_I1KG13283::I1KG132830568.jpg/full/max/0/default.jpg
283a,གཉིས་བརྒྱ་ གྱ་གསུམ་,https://iiif.bdrc.io/bdr:V1KG13126_I1KG13283::I1KG132830569.jpg/full/max/0/default.jpg
283b,,https://iiif.bdrc.io/bdr:V1KG13126_I1KG13283::I1KG132830570.jpg/full/max/0/default.jpg
284a,གཉིས་བརྒྱ་ གྱ་བཞི་,https://iiif.bdrc.io/bdr:V1KG13126_I1KG13283::I1KG132830571.jpg/full/max/0/default.jpg
284b,,https://iiif.bdrc.io/bdr:V1KG13126_I1KG13283::I1KG132830572.jpg/full/max/0/default.jpg
285a,གཉིས་བརྒྱ་ གྱ་ལྔ་,https://iiif.bdrc.io/bdr:V1KG13126_I1KG13283::I1KG132830573.jpg/full/max/0/default.jpg
285b,,https://iiif.bdrc.io/bdr:V1KG13126_I1KG13283::I1KG132830574.jpg/full/max/0/default.jpg
286a,གཉིས་བརྒྱ་ གྱ་དྲུག་,https://iiif.bdrc.io/bdr:V1KG13126_I1KG13283::I1KG132830575.jpg/full/max/0/default.jpg
286b,,https://iiif.bdrc.io/bdr:V1KG13126_I1KG13283::I1KG132830576.jpg/full/max/0/default.jpg
287a,གཉིས་བརྒྱ་ གྱ་བདུན་,https://iiif.bdrc.io/bdr:V1KG13126_I1KG13283::I1KG132830577.jpg/full/max/0/default.jpg
287b,,https://iiif.bdrc.io/bdr:V1KG13126_I1KG13283::I1KG132830578.jpg/full/max/0/default.jpg
288a,གཉིས་བརྒྱ་ གྱ་བརྒྱད་,https://iiif.bdrc.io/bdr:V1KG13126_I1KG13283::I1KG132830579.jpg/full/max/0/default.jpg
288b,,https://iiif.bdrc.io/bdr:V1KG13126_I1KG13283::I1KG132830580.jpg/full/max/0/default.jpg
289a,གཉིས་བརྒྱ་ གྱ་དགུ་,https://iiif.bdrc.io/bdr:V1KG13126_I1KG13283::I1KG132830581.jpg/full/max/0/default.jpg
289b,,https://iiif.bdrc.io/bdr:V1KG13126_I1KG13283::I1KG132830582.jpg/full/max/0/default.jpg
290a,གཉིས་བརྒྱ་ དགུ་བཅུ་,https://iiif.bdrc.io/bdr:V1KG13126_I1KG13283::I1KG132830583.jpg/full/max/0/default.jpg
290b,,https://iiif.bdrc.io/bdr:V1KG13126_I1KG13283::I1KG132830584.jpg/full/max/0/default.jpg
291a,གཉིས་བརྒྱ་ གོ་གཅིག་,https://iiif.bdrc.io/bdr:V1KG13126_I1KG13283::I1KG132830585.jpg/full/max/0/default.jpg
291b,,https://iiif.bdrc.io/bdr:V1KG13126_I1KG13283::I1KG132830586.jpg/full/max/0/default.jpg
292a,གཉིས་བརྒྱ་ གོ་གཉིས་,https://iiif.bdrc.io/bdr:V1KG13126_I1KG13283::I1KG132830587.jpg/full/max/0/default.jpg
292b,,https://iiif.bdrc.io/bdr:V1KG13126_I1KG13283::I1KG132830588.jpg/full/max/0/default.jpg
293a,གཉིས་བརྒྱ་ གོ་གསུམ་,https://iiif.bdrc.io/bdr:V1KG13126_I1KG13283::I1KG132830589.jpg/full/max/0/default.jpg
293b,,https://iiif.bdrc.io/bdr:V1KG13126_I1KG13283::I1KG132830590.jpg/full/max/0/default.jpg
294a,གཉིས་བརྒྱ་ གོ་བཞི་,https://iiif.bdrc.io/bdr:V1KG13126_I1KG13283::I1KG132830591.jpg/full/max/0/default.jpg
294b,,https://iiif.bdrc.io/bdr:V1KG13126_I1KG13283::I1KG132830592.jpg/full/max/0/default.jpg
295a,གཉིས་བརྒྱ་ གོ་ལྔ་,https://iiif.bdrc.io/bdr:V1KG13126_I1KG13283::I1KG132830593.jpg/full/max/0/default.jpg
295b,,https://iiif.bdrc.io/bdr:V1KG13126_I1KG13283::I1KG132830594.jpg/full/max/0/default.jpg
296a,གཉིས་བརྒྱ་ གོ་དྲུག་,https://iiif.bdrc.io/bdr:V1KG13126_I1KG13283::I1KG132830595.jpg/full/max/0/default.jpg
296b,,https://iiif.bdrc.io/bdr:V1KG13126_I1KG13283::I1KG132830596.jpg/full/max/0/default.jpg
297a,གཉིས་བརྒྱ་ གོ་བདུན་,https://iiif.bdrc.io/bdr:V1KG13126_I1KG13283::I1KG132830597.jpg/full/max/0/default.jpg
297b,,https://iiif.bdrc.io/bdr:V1KG13126_I1KG13283::I1KG132830598.jpg/full/max/0/default.jpg
298a,གཉིས་བརྒྱ་ གོ་བརྒྱད་,https://iiif.bdrc.io/bdr:V1KG13126_I1KG13283::I1KG132830599.jpg/full/max/0/default.jpg
298b,,https://iiif.bdrc.io/bdr:V1KG13126_I1KG13283::I1KG132830600.jpg/full/max/0/default.jpg
299a,གཉིས་བརྒྱ་ གོ་དགུ་,https://iiif.bdrc.io/bdr:V1KG13126_I1KG13283::I1KG132830601.jpg/full/max/0/default.jpg
299b,,https://iiif.bdrc.io/bdr:V1KG13126_I1KG13283::I1KG132830602.jpg/full/max/0/default.jpg
300a,གསུམ་བརྒྱ་,https://iiif.bdrc.io/bdr:V1KG13126_I1KG13283::I1KG132830603.jpg/full/max/0/default.jpg
300b,,https://iiif.bdrc.io/bdr:V1KG13126_I1KG13283::I1KG132830604.jpg/full/max/0/default.jpg
301a,གསུམ་བརྒྱ་ གཅིག་,https://iiif.bdrc.io/bdr:V1KG13126_I1KG13283::I1KG132830605.jpg/full/max/0/default.jpg
301b,,https://iiif.bdrc.io/bdr:V1KG13126_I1KG13283::I1KG132830606.jpg/full/max/0/default.jpg
302a,གསུམ་བརྒྱ་ གཉིས་,https://iiif.bdrc.io/bdr:V1KG13126_I1KG13283::I1KG132830607.jpg/full/max/0/default.jpg
302b,,https://iiif.bdrc.io/bdr:V1KG13126_I1KG13283::I1KG132830608.jpg/full/max/0/default.jpg
303a,གསུམ་བརྒྱ་ གསུམ་,https://iiif.bdrc.io/bdr:V1KG13126_I1KG13283::I1KG132830609.jpg/full/max/0/default.jpg
303b,,https://iiif.bdrc.io/bdr:V1KG13126_I1KG13283::I1KG132830610.jpg/full/max/0/default.jpg
304a,གསུམ་བརྒྱ་ བཞི་,https://iiif.bdrc.io/bdr:V1KG13126_I1KG13283::I1KG132830611.jpg/full/max/0/default.jpg
304b,,https://iiif.bdrc.io/bdr:V1KG13126_I1KG13283::I1KG132830612.tif/full/max/0/default.png
305a,གསུམ་བརྒྱ་ ལྔ་,https://iiif.bdrc.io/bdr:V1KG13126_I1KG13283::I1KG132830613.jpg/full/max/0/default.jpg
305b,,https://iiif.bdrc.io/bdr:V1KG13126_I1KG13283::I1KG132830614.tif/full/max/0/default.png
306a,གསུམ་བརྒྱ་ དྲུག་,https://iiif.bdrc.io/bdr:V1KG13126_I1KG13283::I1KG132830615.jpg/full/max/0/default.jpg
306b,,https://iiif.bdrc.io/bdr:V1KG13126_I1KG13283::I1KG132830616.tif/full/max/0/default.png
307a,གསུམ་བརྒྱ་ བདུན་,https://iiif.bdrc.io/bdr:V1KG13126_I1KG13283::I1KG132830617.jpg/full/max/0/default.jpg
307b,,https://iiif.bdrc.io/bdr:V1KG13126_I1KG13283::I1KG132830618.tif/full/max/0/default.png
308a,གསུམ་བརྒྱ་ བརྒྱད་,https://iiif.bdrc.io/bdr:V1KG13126_I1KG13283::I1KG132830619.jpg/full/max/0/default.jpg
308b,,https://iiif.bdrc.io/bdr:V1KG13126_I1KG13283::I1KG132830620.jpg/full/max/0/default.jpg
309a,གསུམ་བརྒྱ་ དགུ་,https://iiif.bdrc.io/bdr:V1KG13126_I1KG13283::I1KG132830621.jpg/full/max/0/default.jpg
309b,,https://iiif.bdrc.io/bdr:V1KG13126_I1KG13283::I1KG132830622.jpg/full/max/0/default.jpg
310a,གསུམ་བརྒྱ་ བཅུ་,https://iiif.bdrc.io/bdr:V1KG13126_I1KG13283::I1KG132830623.jpg/full/max/0/default.jpg
310b,,https://iiif.bdrc.io/bdr:V1KG13126_I1KG13283::I1KG132830624.jpg/full/max/0/default.jpg
311a,གསུམ་བརྒྱ་ བཅུ་གཅིག་,https://iiif.bdrc.io/bdr:V1KG13126_I1KG13283::I1KG132830625.jpg/full/max/0/default.jpg
311b,,https://iiif.bdrc.io/bdr:V1KG13126_I1KG13283::I1KG132830626.jpg/full/max/0/default.jpg
312a,གསུམ་བརྒྱ་ བཅུ་གཉིས་,https://iiif.bdrc.io/bdr:V1KG13126_I1KG13283::I1KG132830627.jpg/full/max/0/default.jpg
312b,,https://iiif.bdrc.io/bdr:V1KG13126_I1KG13283::I1KG132830628.jpg/full/max/0/default.jpg
313a,གསུམ་བརྒྱ་ བཅུ་གསུམ་,https://iiif.bdrc.io/bdr:V1KG13126_I1KG13283::I1KG132830629.jpg/full/max/0/default.jpg
313b,,https://iiif.bdrc.io/bdr:V1KG13126_I1KG13283::I1KG132830630.jpg/full/max/0/default.jpg
314a,གསུམ་བརྒྱ་ བཅུ་བཞི་,https://iiif.bdrc.io/bdr:V1KG13126_I1KG13283::I1KG132830631.jpg/full/max/0/default.jpg
314b,,https://iiif.bdrc.io/bdr:V1KG13126_I1KG13283::I1KG132830632.jpg/full/max/0/default.jpg
315a,གསུམ་བརྒྱ་ བཅོ་ལྔ་,https://iiif.bdrc.io/bdr:V1KG13126_I1KG13283::I1KG132830633.jpg/full/max/0/default.jpg
315b,,https://iiif.bdrc.io/bdr:V1KG13126_I1KG13283::I1KG132830634.jpg/full/max/0/default.jpg
316a,གསུམ་བརྒྱ་ བཅུ་དྲུག་,https://iiif.bdrc.io/bdr:V1KG13126_I1KG13283::I1KG132830635.jpg/full/max/0/default.jpg
316b,,https://iiif.bdrc.io/bdr:V1KG13126_I1KG13283::I1KG132830636.jpg/full/max/0/default.jpg
317a,གསུམ་བརྒྱ་ བཅུ་བདུན་,https://iiif.bdrc.io/bdr:V1KG13126_I1KG13283::I1KG132830637.jpg/full/max/0/default.jpg
317b,,https://iiif.bdrc.io/bdr:V1KG13126_I1KG13283::I1KG132830638.jpg/full/max/0/default.jpg
318a,གསུམ་བརྒྱ་ བཅོ་བརྒྱད་,https://iiif.bdrc.io/bdr:V1KG13126_I1KG13283::I1KG132830639.jpg/full/max/0/default.jpg
318b,,https://iiif.bdrc.io/bdr:V1KG13126_I1KG13283::I1KG132830640.jpg/full/max/0/default.jpg
319a,གསུམ་བརྒྱ་ བཅུ་དགུ་,https://iiif.bdrc.io/bdr:V1KG13126_I1KG13283::I1KG132830641.jpg/full/max/0/default.jpg
319b,,https://iiif.bdrc.io/bdr:V1KG13126_I1KG13283::I1KG132830642.jpg/full/max/0/default.jpg
320a,གསུམ་བརྒྱ་ ཉི་ཤུ,https://iiif.bdrc.io/bdr:V1KG13126_I1KG13283::I1KG132830643.jpg/full/max/0/default.jpg
320b,,https://iiif.bdrc.io/bdr:V1KG13126_I1KG13283::I1KG132830644.jpg/full/max/0/default.jpg
321a,གསུམ་བརྒྱ་ ཉེར་གཅིག་,https://iiif.bdrc.io/bdr:V1KG13126_I1KG13283::I1KG132830645.jpg/full/max/0/default.jpg
321b,,https://iiif.bdrc.io/bdr:V1KG13126_I1KG13283::I1KG132830646.jpg/full/max/0/default.jpg
322a,གསུམ་བརྒྱ་ ཉེར་གཉིས་,https://iiif.bdrc.io/bdr:V1KG13126_I1KG13283::I1KG132830647.jpg/full/max/0/default.jpg
322b,,https://iiif.bdrc.io/bdr:V1KG13126_I1KG13283::I1KG132830648.jpg/full/max/0/default.jpg
323a,གསུམ་བརྒྱ་ ཉེར་གསུམ་,https://iiif.bdrc.io/bdr:V1KG13126_I1KG13283::I1KG132830649.jpg/full/max/0/default.jpg
323b,,https://iiif.bdrc.io/bdr:V1KG13126_I1KG13283::I1KG132830650.jpg/full/max/0/default.jpg
324a,གསུམ་བརྒྱ་ ཉེར་བཞི་,https://iiif.bdrc.io/bdr:V1KG13126_I1KG13283::I1KG132830651.jpg/full/max/0/default.jpg
324b,,https://iiif.bdrc.io/bdr:V1KG13126_I1KG13283::I1KG132830652.jpg/full/max/0/default.jpg
325a,གསུམ་བརྒྱ་ ཉེར་ལྔ་,https://iiif.bdrc.io/bdr:V1KG13126_I1KG13283::I1KG132830653.jpg/full/max/0/default.jpg