50a,ལྔ་བཅུ་,https://iiif.bdrc.io/bdr:V23702_I1PD31451::I1PD314510101.tif/full/max/0/default.png
50b,,https://iiif.bdrc.io/bdr:V23702_I1PD31451::I1PD314510102.tif/full/max/0/default.png
51a,ང་གཅིག་,https://iiif.bdrc.io/bdr:V23702_I1PD31451::I1PD314510103.tif/full/max/0/default.png
51b,,https://iiif.bdrc.io/bdr:V23702_I1PD31451::I1PD314510104.tif/full/max/0/default.png
52a,ང་གཉིས་,https://iiif.bdrc.io/bdr:V23702_I1PD31451::I1PD314510105.tif/full/max/0/default.png
52b,,https://iiif.bdrc.io/bdr:V23702_I1PD31451::I1PD314510106.tif/full/max/0/default.png
53a,ང་གསུམ་,https://iiif.bdrc.io/bdr:V23702_I1PD31451::I1PD314510107.tif/full/max/0/default.png
53b,,https://iiif.bdrc.io/bdr:V23702_I1PD31451::I1PD314510108.tif/full/max/0/default.png
54a,ང་བཞི་,https://iiif.bdrc.io/bdr:V23702_I1PD31451::I1PD314510109.tif/full/max/0/default.png
54b,,https://iiif.bdrc.io/bdr:V23702_I1PD31451::I1PD314510110.tif/full/max/0/default.png
55a,ང་ལྔ་,https://iiif.bdrc.io/bdr:V23702_I1PD31451::I1PD314510111.tif/full/max/0/default.png
55b,,https://iiif.bdrc.io/bdr:V23702_I1PD31451::I1PD314510112.tif/full/max/0/default.png
56a,ང་དྲུག་,https://iiif.bdrc.io/bdr:V23702_I1PD31451::I1PD314510113.tif/full/max/0/default.png
56b,,https://iiif.bdrc.io/bdr:V23702_I1PD31451::I1PD314510114.tif/full/max/0/default.png
57a,ང་བདུན་,https://iiif.bdrc.io/bdr:V23702_I1PD31451::I1PD314510115.tif/full/max/0/default.png
57b,,https://iiif.bdrc.io/bdr:V23702_I1PD31451::I1PD314510116.tif/full/max/0/default.png
58a,ང་བརྒྱད་,https://iiif.bdrc.io/bdr:V23702_I1PD31451::I1PD314510117.tif/full/max/0/default.png
58b,,https://iiif.bdrc.io/bdr:V23702_I1PD31451::I1PD314510118.tif/full/max/0/default.png
59a,ང་དགུ་,https://iiif.bdrc.io/bdr:V23702_I1PD31451::I1PD314510119.tif/full/max/0/default.png
59b,,https://iiif.bdrc.io/bdr:V23702_I1PD31451::I1PD314510120.tif/full/max/0/default.png
60a,དྲུག་བཅུ་,https://iiif.bdrc.io/bdr:V23702_I1PD31451::I1PD314510121.tif/full/max/0/default.png
60b,,https://iiif.bdrc.io/bdr:V23702_I1PD31451::I1PD314510122.tif/full/max/0/default.png
61a,རེ་གཅིག་,https://iiif.bdrc.io/bdr:V23702_I1PD31451::I1PD314510123.tif/full/max/0/default.png
61b,,https://iiif.bdrc.io/bdr:V23702_I1PD31451::I1PD314510124.tif/full/max/0/default.png
62a,རེ་གཉིས་,https://iiif.bdrc.io/bdr:V23702_I1PD31451::I1PD314510125.tif/full/max/0/default.png
62b,,https://iiif.bdrc.io/bdr:V23702_I1PD31451::I1PD314510126.tif/full/max/0/default.png
63a,རེ་གསུམ་,https://iiif.bdrc.io/bdr:V23702_I1PD31451::I1PD314510127.tif/full/max/0/default.png
63b,,https://iiif.bdrc.io/bdr:V23702_I1PD31451::I1PD314510128.tif/full/max/0/default.png
64a,རེ་བཞི་,https://iiif.bdrc.io/bdr:V23702_I1PD31451::I1PD314510129.tif/full/max/0/default.png
64b,,https://iiif.bdrc.io/bdr:V23702_I1PD31451::I1PD314510130.tif/full/max/0/default.png
65a,རེ་ལྔ་,https://iiif.bdrc.io/bdr:V23702_I1PD31451::I1PD314510131.tif/full/max/0/default.png
65b,,https://iiif.bdrc.io/bdr:V23702_I1PD31451::I1PD314510132.tif/full/max/0/default.png
66a,རེ་དྲུག་,https://iiif.bdrc.io/bdr:V23702_I1PD31451::I1PD314510133.tif/full/max/0/default.png
66b,,https://iiif.bdrc.io/bdr:V23702_I1PD31451::I1PD314510134.tif/full/max/0/default.png
67a,རེ་བདུན་,https://iiif.bdrc.io/bdr:V23702_I1PD31451::I1PD314510135.tif/full/max/0/default.png
67b,,https://iiif.bdrc.io/bdr:V23702_I1PD31451::I1PD314510136.tif/full/max/0/default.png
69a,རེ་དགུ་,https://iiif.bdrc.io/bdr:V23702_I1PD31451::I1PD314510137.tif/full/max/0/default.png
69b,,https://iiif.bdrc.io/bdr:V23702_I1PD31451::I1PD314510138.tif/full/max/0/default.png
70a,བདུན་བཅུ་,https://iiif.bdrc.io/bdr:V23702_I1PD31451::I1PD314510139.tif/full/max/0/default.png
70b,,https://iiif.bdrc.io/bdr:V23702_I1PD31451::I1PD314510140.tif/full/max/0/default.png
71a,དོན་གཅིག་,https://iiif.bdrc.io/bdr:V23702_I1PD31451::I1PD314510141.tif/full/max/0/default.png
71b,,https://iiif.bdrc.io/bdr:V23702_I1PD31451::I1PD314510142.tif/full/max/0/default.png
72a,དོན་གཉིས་,https://iiif.bdrc.io/bdr:V23702_I1PD31451::I1PD314510143.tif/full/max/0/default.png
72b,,https://iiif.bdrc.io/bdr:V23702_I1PD31451::I1PD314510144.tif/full/max/0/default.png
73a,དོན་གསུམ་,https://iiif.bdrc.io/bdr:V23702_I1PD31451::I1PD314510145.tif/full/max/0/default.png
73b,,https://iiif.bdrc.io/bdr:V23702_I1PD31451::I1PD314510146.tif/full/max/0/default.png
74a,དོན་བཞི་,https://iiif.bdrc.io/bdr:V23702_I1PD31451::I1PD314510147.tif/full/max/0/default.png
74b,,https://iiif.bdrc.io/bdr:V23702_I1PD31451::I1PD314510148.tif/full/max/0/default.png
75a,དོན་ལྔ་,https://iiif.bdrc.io/bdr:V23702_I1PD31451::I1PD314510149.tif/full/max/0/default.png
75b,,https://iiif.bdrc.io/bdr:V23702_I1PD31451::I1PD314510150.tif/full/max/0/default.png
76a,དོན་དྲུག་,https://iiif.bdrc.io/bdr:V23702_I1PD31451::I1PD314510151.tif/full/max/0/default.png
76b,,https://iiif.bdrc.io/bdr:V23702_I1PD31451::I1PD314510152.tif/full/max/0/default.png
77a,དོན་བདུན་,https://iiif.bdrc.io/bdr:V23702_I1PD31451::I1PD314510153.tif/full/max/0/default.png
77b,,https://iiif.bdrc.io/bdr:V23702_I1PD31451::I1PD314510154.tif/full/max/0/default.png
78a,དོན་བརྒྱད་,https://iiif.bdrc.io/bdr:V23702_I1PD31451::I1PD314510155.tif/full/max/0/default.png
78b,,https://iiif.bdrc.io/bdr:V23702_I1PD31451::I1PD314510156.tif/full/max/0/default.png
79a,དོན་དགུ་,https://iiif.bdrc.io/bdr:V23702_I1PD31451::I1PD314510157.tif/full/max/0/default.png
79b,,https://iiif.bdrc.io/bdr:V23702_I1PD31451::I1PD314510158.tif/full/max/0/default.png
80a,བརྒྱད་བཅུ་,https://iiif.bdrc.io/bdr:V23702_I1PD31451::I1PD314510159.tif/full/max/0/default.png
80b,,https://iiif.bdrc.io/bdr:V23702_I1PD31451::I1PD314510160.tif/full/max/0/default.png
81a,གྱ་གཅིག་,https://iiif.bdrc.io/bdr:V23702_I1PD31451::I1PD314510161.tif/full/max/0/default.png
81b,,https://iiif.bdrc.io/bdr:V23702_I1PD31451::I1PD314510162.tif/full/max/0/default.png
82a,གྱ་གཉིས་,https://iiif.bdrc.io/bdr:V23702_I1PD31451::I1PD314510163.tif/full/max/0/default.png
82b,,https://iiif.bdrc.io/bdr:V23702_I1PD31451::I1PD314510164.tif/full/max/0/default.png
83a,གྱ་གསུམ་,https://iiif.bdrc.io/bdr:V23702_I1PD31451::I1PD314510165.tif/full/max/0/default.png
83b,,https://iiif.bdrc.io/bdr:V23702_I1PD31451::I1PD314510166.tif/full/max/0/default.png
84a,གྱ་བཞི་,https://iiif.bdrc.io/bdr:V23702_I1PD31451::I1PD314510167.tif/full/max/0/default.png
84b,,https://iiif.bdrc.io/bdr:V23702_I1PD31451::I1PD314510168.tif/full/max/0/default.png
85a,གྱ་ལྔ་,https://iiif.bdrc.io/bdr:V23702_I1PD31451::I1PD314510169.tif/full/max/0/default.png
85b,,https://iiif.bdrc.io/bdr:V23702_I1PD31451::I1PD314510170.tif/full/max/0/default.png
86a,གྱ་དྲུག་,https://iiif.bdrc.io/bdr:V23702_I1PD31451::I1PD314510171.tif/full/max/0/default.png
86b,,https://iiif.bdrc.io/bdr:V23702_I1PD31451::I1PD314510172.tif/full/max/0/default.png
87a,གྱ་བདུན་,https://iiif.bdrc.io/bdr:V23702_I1PD31451::I1PD314510173.tif/full/max/0/default.png
87b,,https://iiif.bdrc.io/bdr:V23702_I1PD31451::I1PD314510174.tif/full/max/0/default.png
88a,གྱ་བརྒྱད་,https://iiif.bdrc.io/bdr:V23702_I1PD31451::I1PD314510175.tif/full/max/0/default.png
88b,,https://iiif.bdrc.io/bdr:V23702_I1PD31451::I1PD314510176.tif/full/max/0/default.png
89a,གྱ་དགུ་,https://iiif.bdrc.io/bdr:V23702_I1PD31451::I1PD314510177.tif/full/max/0/default.png
89b,,https://iiif.bdrc.io/bdr:V23702_I1PD31451::I1PD314510178.tif/full/max/0/default.png
90a,དགུ་བཅུ་,https://iiif.bdrc.io/bdr:V23702_I1PD31451::I1PD314510179.tif/full/max/0/default.png
90b,,https://iiif.bdrc.io/bdr:V23702_I1PD31451::I1PD314510180.tif/full/max/0/default.png
91a,གོ་གཅིག་,https://iiif.bdrc.io/bdr:V23702_I1PD31451::I1PD314510181.tif/full/max/0/default.png
91b,,https://iiif.bdrc.io/bdr:V23702_I1PD31451::I1PD314510182.tif/full/max/0/default.png
92a,གོ་གཉིས་,https://iiif.bdrc.io/bdr:V23702_I1PD31451::I1PD314510183.tif/full/max/0/default.png
92b,,https://iiif.bdrc.io/bdr:V23702_I1PD31451::I1PD314510184.tif/full/max/0/default.png
93a,གོ་གསུམ་,https://iiif.bdrc.io/bdr:V23702_I1PD31451::I1PD314510185.tif/full/max/0/default.png
93b,,https://iiif.bdrc.io/bdr:V23702_I1PD31451::I1PD314510186.tif/full/max/0/default.png
94a,གོ་བཞི་,https://iiif.bdrc.io/bdr:V23702_I1PD31451::I1PD314510187.tif/full/max/0/default.png
94b,,https://iiif.bdrc.io/bdr:V23702_I1PD31451::I1PD314510188.tif/full/max/0/default.png
95a,གོ་ལྔ་,https://iiif.bdrc.io/bdr:V23702_I1PD31451::I1PD314510189.tif/full/max/0/default.png
95b,,https://iiif.bdrc.io/bdr:V23702_I1PD31451::I1PD314510190.tif/full/max/0/default.png
96a,གོ་དྲུག་,https://iiif.bdrc.io/bdr:V23702_I1PD31451::I1PD314510191.tif/full/max/0/default.png
96b,,https://iiif.bdrc.io/bdr:V23702_I1PD31451::I1PD314510192.tif/full/max/0/default.png
97a,གོ་བདུན་,https://iiif.bdrc.io/bdr:V23702_I1PD31451::I1PD314510193.tif/full/max/0/default.png
97b,,https://iiif.bdrc.io/bdr:V23702_I1PD31451::I1PD314510194.tif/full/max/0/default.png
98a,གོ་བརྒྱད་,https://iiif.bdrc.io/bdr:V23702_I1PD31451::I1PD314510195.tif/full/max/0/default.png
98b,,https://iiif.bdrc.io/bdr:V23702_I1PD31451::I1PD314510196.tif/full/max/0/default.png
99a,གོ་དགུ་,https://iiif.bdrc.io/bdr:V23702_I1PD31451::I1PD314510197.tif/full/max/0/default.png
99b,,https://iiif.bdrc.io/bdr:V23702_I1PD31451::I1PD314510198.tif/full/max/0/default.png
100a,བརྒྱ་,https://iiif.bdrc.io/bdr:V23702_I1PD31451::I1PD314510199.tif/full/max/0/default.png
100b,,https://iiif.bdrc.io/bdr:V23702_I1PD31451::I1PD314510200.tif/full/max/0/default.png
101a,བརྒྱ་ གཅིག་,https://iiif.bdrc.io/bdr:V23702_I1PD31451::I1PD314510201.tif/full/max/0/default.png
101b,,https://iiif.bdrc.io/bdr:V23702_I1PD31451::I1PD314510202.tif/full/max/0/default.png
102a,བརྒྱ་ གཉིས་,https://iiif.bdrc.io/bdr:V23702_I1PD31451::I1PD314510203.tif/full/max/0/default.png
102b,,https://iiif.bdrc.io/bdr:V23702_I1PD31451::I1PD314510204.tif/full/max/0/default.png
103a,བརྒྱ་ གསུམ་,https://iiif.bdrc.io/bdr:V23702_I1PD31451::I1PD314510205.tif/full/max/0/default.png
103b,,https://iiif.bdrc.io/bdr:V23702_I1PD31451::I1PD314510206.tif/full/max/0/default.png
104a,བརྒྱ་ བཞི་,https://iiif.bdrc.io/bdr:V23702_I1PD31451::I1PD314510207.tif/full/max/0/default.png
104b,,https://iiif.bdrc.io/bdr:V23702_I1PD31451::I1PD314510208.tif/full/max/0/default.png
105a,བརྒྱ་ ལྔ་,https://iiif.bdrc.io/bdr:V23702_I1PD31451::I1PD314510209.tif/full/max/0/default.png
105b,,https://iiif.bdrc.io/bdr:V23702_I1PD31451::I1PD314510210.tif/full/max/0/default.png
106a,བརྒྱ་ དྲུག་,https://iiif.bdrc.io/bdr:V23702_I1PD31451::I1PD314510211.tif/full/max/0/default.png
106b,,https://iiif.bdrc.io/bdr:V23702_I1PD31451::I1PD314510212.tif/full/max/0/default.png
107a,བརྒྱ་ བདུན་,https://iiif.bdrc.io/bdr:V23702_I1PD31451::I1PD314510213.tif/full/max/0/default.png
107b,,https://iiif.bdrc.io/bdr:V23702_I1PD31451::I1PD314510214.tif/full/max/0/default.png
108a,བརྒྱ་ བརྒྱད་,https://iiif.bdrc.io/bdr:V23702_I1PD31451::I1PD314510215.tif/full/max/0/default.png
108b,,https://iiif.bdrc.io/bdr:V23702_I1PD31451::I1PD314510216.tif/full/max/0/default.png
109a,བརྒྱ་ དགུ་,https://iiif.bdrc.io/bdr:V23702_I1PD31451::I1PD314510217.tif/full/max/0/default.png
109b,,https://iiif.bdrc.io/bdr:V23702_I1PD31451::I1PD314510218.tif/full/max/0/default.png
110a,བརྒྱ་ བཅུ་,https://iiif.bdrc.io/bdr:V23702_I1PD31451::I1PD314510219.tif/full/max/0/default.png
110b,,https://iiif.bdrc.io/bdr:V23702_I1PD31451::I1PD314510220.tif/full/max/0/default.png
111a,བརྒྱ་ བཅུ་གཅིག་,https://iiif.bdrc.io/bdr:V23702_I1PD31451::I1PD314510221.tif/full/max/0/default.png
111b,,https://iiif.bdrc.io/bdr:V23702_I1PD31451::I1PD314510222.tif/full/max/0/default.png
112a,བརྒྱ་ བཅུ་གཉིས་,https://iiif.bdrc.io/bdr:V23702_I1PD31451::I1PD314510223.tif/full/max/0/default.png
112b,,https://iiif.bdrc.io/bdr:V23702_I1PD31451::I1PD314510224.tif/full/max/0/default.png
113a,བརྒྱ་ བཅུ་གསུམ་,https://iiif.bdrc.io/bdr:V23702_I1PD31451::I1PD314510225.tif/full/max/0/default.png
113b,,https://iiif.bdrc.io/bdr:V23702_I1PD31451::I1PD314510226.tif/full/max/0/default.png
114a,བརྒྱ་ བཅུ་བཞི་,https://iiif.bdrc.io/bdr:V23702_I1PD31451::I1PD314510227.tif/full/max/0/default.png
114b,,https://iiif.bdrc.io/bdr:V23702_I1PD31451::I1PD314510228.tif/full/max/0/default.png
115a,བརྒྱ་ བཅོ་ལྔ་,https://iiif.bdrc.io/bdr:V23702_I1PD31451::I1PD314510229.tif/full/max/0/default.png
115b,,https://iiif.bdrc.io/bdr:V23702_I1PD31451::I1PD314510230.tif/full/max/0/default.png
116a,བརྒྱ་ བཅུ་དྲུག་,https://iiif.bdrc.io/bdr:V23702_I1PD31451::I1PD314510231.tif/full/max/0/default.png
116b,,https://iiif.bdrc.io/bdr:V23702_I1PD31451::I1PD314510232.tif/full/max/0/default.png
117a,བརྒྱ་ བཅུ་བདུན་,https://iiif.bdrc.io/bdr:V23702_I1PD31451::I1PD314510233.tif/full/max/0/default.png
117b,,https://iiif.bdrc.io/bdr:V23702_I1PD31451::I1PD314510234.tif/full/max/0/default.png
118a,བརྒྱ་ བཅོ་བརྒྱད་,https://iiif.bdrc.io/bdr:V23702_I1PD31451::I1PD314510235.tif/full/max/0/default.png
118b,,https://iiif.bdrc.io/bdr:V23702_I1PD31451::I1PD314510236.tif/full/max/0/default.png
119a,བརྒྱ་ བཅུ་དགུ་,https://iiif.bdrc.io/bdr:V23702_I1PD31451::I1PD314510237.tif/full/max/0/default.png
119b,,https://iiif.bdrc.io/bdr:V23702_I1PD31451::I1PD314510238.tif/full/max/0/default.png
120a,བརྒྱ་ ཉི་ཤུ,https://iiif.bdrc.io/bdr:V23702_I1PD31451::I1PD314510239.tif/full/max/0/default.png
120b,,https://iiif.bdrc.io/bdr:V23702_I1PD31451::I1PD314510240.tif/full/max/0/default.png
121a,བརྒྱ་ ཉེར་གཅིག་,https://iiif.bdrc.io/bdr:V23702_I1PD31451::I1PD314510241.tif/full/max/0/default.png
121b,,https://iiif.bdrc.io/bdr:V23702_I1PD31451::I1PD314510242.tif/full/max/0/default.png
122a,བརྒྱ་ ཉེར་གཉིས་,https://iiif.bdrc.io/bdr:V23702_I1PD31451::I1PD314510243.tif/full/max/0/default.png
122b,,https://iiif.bdrc.io/bdr:V23702_I1PD31451::I1PD314510244.tif/full/max/0/default.png
123a,བརྒྱ་ ཉེར་གསུམ་,https://iiif.bdrc.io/bdr:V23702_I1PD31451::I1PD314510245.tif/full/max/0/default.png
123b,,https://iiif.bdrc.io/bdr:V23702_I1PD31451::I1PD314510246.tif/full/max/0/default.png
124a,བརྒྱ་ ཉེར་བཞི་,https://iiif.bdrc.io/bdr:V23702_I1PD31451::I1PD314510247.tif/full/max/0/default.png
124b,,https://iiif.bdrc.io/bdr:V23702_I1PD31451::I1PD314510248.tif/full/max/0/default.png
125a,བརྒྱ་ ཉེར་ལྔ་,https://iiif.bdrc.io/bdr:V23702_I1PD31451::I1PD314510249.tif/full/max/0/default.png
125b,,https://iiif.bdrc.io/bdr:V23702_I1PD31451::I1PD314510250.tif/full/max/0/default.png
126a,བརྒྱ་ ཉེར་དྲུག་,https://iiif.bdrc.io/bdr:V23702_I1PD31451::I1PD314510251.tif/full/max/0/default.png
126b,,https://iiif.bdrc.io/bdr:V23702_I1PD31451::I1PD314510252.tif/full/max/0/default.png
127a,བརྒྱ་ ཉེར་བདུན་,https://iiif.bdrc.io/bdr:V23702_I1PD31451::I1PD314510253.tif/full/max/0/default.png
127b,,https://iiif.bdrc.io/bdr:V23702_I1PD31451::I1PD314510254.tif/full/max/0/default.png
128a,བརྒྱ་ ཉེར་བརྒྱད་,https://iiif.bdrc.io/bdr:V23702_I1PD31451::I1PD314510255.tif/full/max/0/default.png
128b,,https://iiif.bdrc.io/bdr:V23702_I1PD31451::I1PD314510256.tif/full/max/0/default.png
129a,བརྒྱ་ ཉེར་དགུ་,https://iiif.bdrc.io/bdr:V23702_I1PD31451::I1PD314510257.tif/full/max/0/default.png
129b,,https://iiif.bdrc.io/bdr:V23702_I1PD31451::I1PD314510258.tif/full/max/0/default.png
130a,བརྒྱ་ སུམ་བཅུ་,https://iiif.bdrc.io/bdr:V23702_I1PD31451::I1PD314510259.tif/full/max/0/default.png
130b,,https://iiif.bdrc.io/bdr:V23702_I1PD31451::I1PD314510260.tif/full/max/0/default.png
131a,བརྒྱ་ སོ་གཅིག་,https://iiif.bdrc.io/bdr:V23702_I1PD31451::I1PD314510261.tif/full/max/0/default.png
131b,,https://iiif.bdrc.io/bdr:V23702_I1PD31451::I1PD314510262.tif/full/max/0/default.png
132a,བརྒྱ་ སོ་གཉིས་,https://iiif.bdrc.io/bdr:V23702_I1PD31451::I1PD314510263.tif/full/max/0/default.png
132b,,https://iiif.bdrc.io/bdr:V23702_I1PD31451::I1PD314510264.tif/full/max/0/default.png
133a,བརྒྱ་ སོ་གསུམ་,https://iiif.bdrc.io/bdr:V23702_I1PD31451::I1PD314510265.tif/full/max/0/default.png
133b,,https://iiif.bdrc.io/bdr:V23702_I1PD31451::I1PD314510266.tif/full/max/0/default.png
134a,བརྒྱ་ སོ་བཞི་,https://iiif.bdrc.io/bdr:V23702_I1PD31451::I1PD314510267.tif/full/max/0/default.png
134b,,https://iiif.bdrc.io/bdr:V23702_I1PD31451::I1PD314510268.tif/full/max/0/default.png
135a,བརྒྱ་ སོ་ལྔ་,https://iiif.bdrc.io/bdr:V23702_I1PD31451::I1PD314510269.tif/full/max/0/default.png
135b,,https://iiif.bdrc.io/bdr:V23702_I1PD31451::I1PD314510270.tif/full/max/0/default.png
136a,བརྒྱ་ སོ་དྲུག་,https://iiif.bdrc.io/bdr:V23702_I1PD31451::I1PD314510271.tif/full/max/0/default.png
136b,,https://iiif.bdrc.io/bdr:V23702_I1PD31451::I1PD314510272.tif/full/max/0/default.png
137a,བརྒྱ་ སོ་བདུན་,https://iiif.bdrc.io/bdr:V23702_I1PD31451::I1PD314510273.tif/full/max/0/default.png
137b,,https://iiif.bdrc.io/bdr:V23702_I1PD31451::I1PD314510274.tif/full/max/0/default.png
138a,བརྒྱ་ སོ་བརྒྱད་,https://iiif.bdrc.io/bdr:V23702_I1PD31451::I1PD314510275.tif/full/max/0/default.png
138b,,https://iiif.bdrc.io/bdr:V23702_I1PD31451::I1PD314510276.tif/full/max/0/default.png
139a,བརྒྱ་ སོ་དགུ་,https://iiif.bdrc.io/bdr:V23702_I1PD31451::I1PD314510277.tif/full/max/0/default.png
139b,,https://iiif.bdrc.io/bdr:V23702_I1PD31451::I1PD314510278.tif/full/max/0/default.png
140a,བརྒྱ་ བཞི་བཅུ་,https://iiif.bdrc.io/bdr:V23702_I1PD31451::I1PD314510279.tif/full/max/0/default.png
140b,,https://iiif.bdrc.io/bdr:V23702_I1PD31451::I1PD314510280.tif/full/max/0/default.png
141a,བརྒྱ་ ཞེ་གཅིག་,https://iiif.bdrc.io/bdr:V23702_I1PD31451::I1PD314510281.tif/full/max/0/default.png
141b,,https://iiif.bdrc.io/bdr:V23702_I1PD31451::I1PD314510282.tif/full/max/0/default.png
142a,བརྒྱ་ ཞེ་གཉིས་,https://iiif.bdrc.io/bdr:V23702_I1PD31451::I1PD314510283.tif/full/max/0/default.png
142b,,https://iiif.bdrc.io/bdr:V23702_I1PD31451::I1PD314510284.tif/full/max/0/default.png
143a,བརྒྱ་ ཞེ་གསུམ་,https://iiif.bdrc.io/bdr:V23702_I1PD31451::I1PD314510285.tif/full/max/0/default.png
143b,,https://iiif.bdrc.io/bdr:V23702_I1PD31451::I1PD314510286.tif/full/max/0/default.png
144a,བརྒྱ་ ཞེ་བཞི་,https://iiif.bdrc.io/bdr:V23702_I1PD31451::I1PD314510287.tif/full/max/0/default.png
144b,,https://iiif.bdrc.io/bdr:V23702_I1PD31451::I1PD314510288.tif/full/max/0/default.png
145a,བརྒྱ་ ཞེ་ལྔ་,https://iiif.bdrc.io/bdr:V23702_I1PD31451::I1PD314510289.tif/full/max/0/default.png
145b,,https://iiif.bdrc.io/bdr:V23702_I1PD31451::I1PD314510290.tif/full/max/0/default.png
146a,བརྒྱ་ ཞེ་དྲུག་,https://iiif.bdrc.io/bdr:V23702_I1PD31451::I1PD314510291.tif/full/max/0/default.png
146b,,https://iiif.bdrc.io/bdr:V23702_I1PD31451::I1PD314510292.tif/full/max/0/default.png
147a,བརྒྱ་ ཞེ་བདུན་,https://iiif.bdrc.io/bdr:V23702_I1PD31451::I1PD314510293.tif/full/max/0/default.png
147b,,https://iiif.bdrc.io/bdr:V23702_I1PD31451::I1PD314510294.tif/full/max/0/default.png
148a,བརྒྱ་ ཞེ་བརྒྱད་,https://iiif.bdrc.io/bdr:V23702_I1PD31451::I1PD314510295.tif/full/max/0/default.png
148b,,https://iiif.bdrc.io/bdr:V23702_I1PD31451::I1PD314510296.tif/full/max/0/default.png
149a,བརྒྱ་ ཞེ་དགུ་,https://iiif.bdrc.io/bdr:V23702_I1PD31451::I1PD314510297.tif/full/max/0/default.png
149b,,https://iiif.bdrc.io/bdr:V23702_I1PD31451::I1PD314510298.tif/full/max/0/default.png
150a,བརྒྱ་ ལྔ་བཅུ་,https://iiif.bdrc.io/bdr:V23702_I1PD31451::I1PD314510299.tif/full/max/0/default.png
150b,,https://iiif.bdrc.io/bdr:V23702_I1PD31451::I1PD314510300.tif/full/max/0/default.png
151a,བརྒྱ་ ང་གཅིག་,https://iiif.bdrc.io/bdr:V23702_I1PD31451::I1PD314510301.tif/full/max/0/default.png
151b,,https://iiif.bdrc.io/bdr:V23702_I1PD31451::I1PD314510302.tif/full/max/0/default.png
152a,བརྒྱ་ ང་གཉིས་,https://iiif.bdrc.io/bdr:V23702_I1PD31451::I1PD314510303.tif/full/max/0/default.png
152b,,https://iiif.bdrc.io/bdr:V23702_I1PD31451::I1PD314510304.tif/full/max/0/default.png
153a,བརྒྱ་ ང་གསུམ་,https://iiif.bdrc.io/bdr:V23702_I1PD31451::I1PD314510305.tif/full/max/0/default.png
153b,,https://iiif.bdrc.io/bdr:V23702_I1PD31451::I1PD314510306.tif/full/max/0/default.png
154a,བརྒྱ་ ང་བཞི་,https://iiif.bdrc.io/bdr:V23702_I1PD31451::I1PD314510307.tif/full/max/0/default.png
154b,,https://iiif.bdrc.io/bdr:V23702_I1PD31451::I1PD314510308.tif/full/max/0/default.png
155a,བརྒྱ་ ང་ལྔ་,https://iiif.bdrc.io/bdr:V23702_I1PD31451::I1PD314510309.tif/full/max/0/default.png
155b,,https://iiif.bdrc.io/bdr:V23702_I1PD31451::I1PD314510310.tif/full/max/0/default.png
156a,བརྒྱ་ ང་དྲུག་,https://iiif.bdrc.io/bdr:V23702_I1PD31451::I1PD314510311.tif/full/max/0/default.png
156b,,https://iiif.bdrc.io/bdr:V23702_I1PD31451::I1PD314510312.tif/full/max/0/default.png
157a,བརྒྱ་ ང་བདུན་,https://iiif.bdrc.io/bdr:V23702_I1PD31451::I1PD314510313.tif/full/max/0/default.png
157b,,https://iiif.bdrc.io/bdr:V23702_I1PD31451::I1PD314510314.tif/full/max/0/default.png
158a,བརྒྱ་ ང་བརྒྱད་,https://iiif.bdrc.io/bdr:V23702_I1PD31451::I1PD314510315.tif/full/max/0/default.png
158b,,https://iiif.bdrc.io/bdr:V23702_I1PD31451::I1PD314510316.tif/full/max/0/default.png
159a,བརྒྱ་ ང་དགུ་,https://iiif.bdrc.io/bdr:V23702_I1PD31451::I1PD314510317.tif/full/max/0/default.png
159b,,https://iiif.bdrc.io/bdr:V23702_I1PD31451::I1PD314510318.tif/full/max/0/default.png
160a,བརྒྱ་ དྲུག་བཅུ་,https://iiif.bdrc.io/bdr:V23702_I1PD31451::I1PD314510319.tif/full/max/0/default.png
160b,,https://iiif.bdrc.io/bdr:V23702_I1PD31451::I1PD314510320.tif/full/max/0/default.png
161a,བརྒྱ་ རེ་གཅིག་,https://iiif.bdrc.io/bdr:V23702_I1PD31451::I1PD314510321.tif/full/max/0/default.png
161b,,https://iiif.bdrc.io/bdr:V23702_I1PD31451::I1PD314510322.tif/full/max/0/default.png
162a,བརྒྱ་ རེ་གཉིས་,https://iiif.bdrc.io/bdr:V23702_I1PD31451::I1PD314510323.tif/full/max/0/default.png
162b,,https://iiif.bdrc.io/bdr:V23702_I1PD31451::I1PD314510324.tif/full/max/0/default.png
163a,བརྒྱ་ རེ་གསུམ་,https://iiif.bdrc.io/bdr:V23702_I1PD31451::I1PD314510325.tif/full/max/0/default.png
163b,,https://iiif.bdrc.io/bdr:V23702_I1PD31451::I1PD314510326.tif/full/max/0/default.png
164a,བརྒྱ་ རེ་བཞི་,https://iiif.bdrc.io/bdr:V23702_I1PD31451::I1PD314510327.tif/full/max/0/default.png
164b,,https://iiif.bdrc.io/bdr:V23702_I1PD31451::I1PD314510328.tif/full/max/0/default.png
165a,བརྒྱ་ རེ་ལྔ་,https://iiif.bdrc.io/bdr:V23702_I1PD31451::I1PD314510329.tif/full/max/0/default.png
165b,,https://iiif.bdrc.io/bdr:V23702_I1PD31451::I1PD314510330.tif/full/max/0/default.png
166a,བརྒྱ་ རེ་དྲུག་,https://iiif.bdrc.io/bdr:V23702_I1PD31451::I1PD314510331.tif/full/max/0/default.png
166b,,https://iiif.bdrc.io/bdr:V23702_I1PD31451::I1PD314510332.tif/full/max/0/default.png
167a,བརྒྱ་ རེ་བདུན་,https://iiif.bdrc.io/bdr:V23702_I1PD31451::I1PD314510333.tif/full/max/0/default.png
167b,,https://iiif.bdrc.io/bdr:V23702_I1PD31451::I1PD314510334.tif/full/max/0/default.png
168a,བརྒྱ་ རེ་བརྒྱད་,https://iiif.bdrc.io/bdr:V23702_I1PD31451::I1PD314510335.tif/full/max/0/default.png
168b,,https://iiif.bdrc.io/bdr:V23702_I1PD31451::I1PD314510336.tif/full/max/0/default.png
169a,བརྒྱ་ རེ་དགུ་,https://iiif.bdrc.io/bdr:V23702_I1PD31451::I1PD314510337.tif/full/max/0/default.png
169b,,https://iiif.bdrc.io/bdr:V23702_I1PD31451::I1PD314510338.tif/full/max/0/default.png
170a,བརྒྱ་ བདུན་བཅུ་,https://iiif.bdrc.io/bdr:V23702_I1PD31451::I1PD314510339.tif/full/max/0/default.png
170b,,https://iiif.bdrc.io/bdr:V23702_I1PD31451::I1PD314510340.tif/full/max/0/default.png
171a,བརྒྱ་ དོན་གཅིག་,https://iiif.bdrc.io/bdr:V23702_I1PD31451::I1PD314510341.tif/full/max/0/default.png
171b,,https://iiif.bdrc.io/bdr:V23702_I1PD31451::I1PD314510342.tif/full/max/0/default.png
172a,བརྒྱ་ དོན་གཉིས་,https://iiif.bdrc.io/bdr:V23702_I1PD31451::I1PD314510343.tif/full/max/0/default.png
172b,,https://iiif.bdrc.io/bdr:V23702_I1PD31451::I1PD314510344.tif/full/max/0/default.png
173a,བརྒྱ་ དོན་གསུམ་,https://iiif.bdrc.io/bdr:V23702_I1PD31451::I1PD314510345.tif/full/max/0/default.png
173b,,https://iiif.bdrc.io/bdr:V23702_I1PD31451::I1PD314510346.tif/full/max/0/default.png
174a,བརྒྱ་ དོན་བཞི་,https://iiif.bdrc.io/bdr:V23702_I1PD31451::I1PD314510347.tif/full/max/0/default.png
174b,,https://iiif.bdrc.io/bdr:V23702_I1PD31451::I1PD314510348.tif/full/max/0/default.png
175a,བརྒྱ་ དོན་ལྔ་,https://iiif.bdrc.io/bdr:V23702_I1PD31451::I1PD314510349.tif/full/max/0/default.png
175b,,https://iiif.bdrc.io/bdr:V23702_I1PD31451::I1PD314510350.tif/full/max/0/default.png
176a,བརྒྱ་ དོན་དྲུག་,https://iiif.bdrc.io/bdr:V23702_I1PD31451::I1PD314510351.tif/full/max/0/default.png
176b,,https://iiif.bdrc.io/bdr:V23702_I1PD31451::I1PD314510352.tif/full/max/0/default.png
177a,བརྒྱ་ དོན་བདུན་,https://iiif.bdrc.io/bdr:V23702_I1PD31451::I1PD314510353.tif/full/max/0/default.png
177b,,https://iiif.bdrc.io/bdr:V23702_I1PD31451::I1PD314510354.tif/full/max/0/default.png
178a,བརྒྱ་ དོན་བརྒྱད་,https://iiif.bdrc.io/bdr:V23702_I1PD31451::I1PD314510355.tif/full/max/0/default.png
178b,,https://iiif.bdrc.io/bdr:V23702_I1PD31451::I1PD314510356.tif/full/max/0/default.png
178a,བརྒྱ་ དོན་བརྒྱད་,https://iiif.bdrc.io/bdr:V23702_I1PD31451::I1PD314510357.tif/full/max/0/default.png
178b,,https://iiif.bdrc.io/bdr:V23702_I1PD31451::I1PD314510358.tif/full/max/0/default.png
179a,བརྒྱ་ དོན་དགུ་,https://iiif.bdrc.io/bdr:V23702_I1PD31451::I1PD314510359.tif/full/max/0/default.png
179b,,https://iiif.bdrc.io/bdr:V23702_I1PD31451::I1PD314510360.tif/full/max/0/default.png
180a,བརྒྱ་ བརྒྱད་བཅུ་,https://iiif.bdrc.io/bdr:V23702_I1PD31451::I1PD314510361.tif/full/max/0/default.png
180b,,https://iiif.bdrc.io/bdr:V23702_I1PD31451::I1PD314510362.tif/full/max/0/default.png
181a,བརྒྱ་ གྱ་གཅིག་,https://iiif.bdrc.io/bdr:V23702_I1PD31451::I1PD314510363.tif/full/max/0/default.png
181b,,https://iiif.bdrc.io/bdr:V23702_I1PD31451::I1PD314510364.tif/full/max/0/default.png
182a,བརྒྱ་ གྱ་གཉིས་,https://iiif.bdrc.io/bdr:V23702_I1PD31451::I1PD314510365.tif/full/max/0/default.png
182b,,https://iiif.bdrc.io/bdr:V23702_I1PD31451::I1PD314510366.tif/full/max/0/default.png
183a,བརྒྱ་ གྱ་གསུམ་,https://iiif.bdrc.io/bdr:V23702_I1PD31451::I1PD314510367.tif/full/max/0/default.png
183b,,https://iiif.bdrc.io/bdr:V23702_I1PD31451::I1PD314510368.tif/full/max/0/default.png
184a,བརྒྱ་ གྱ་བཞི་,https://iiif.bdrc.io/bdr:V23702_I1PD31451::I1PD314510369.tif/full/max/0/default.png
184b,,https://iiif.bdrc.io/bdr:V23702_I1PD31451::I1PD314510370.tif/full/max/0/default.png
185a,བརྒྱ་ གྱ་ལྔ་,https://iiif.bdrc.io/bdr:V23702_I1PD31451::I1PD314510371.tif/full/max/0/default.png
185b,,https://iiif.bdrc.io/bdr:V23702_I1PD31451::I1PD314510372.tif/full/max/0/default.png
186a,བརྒྱ་ གྱ་དྲུག་,https://iiif.bdrc.io/bdr:V23702_I1PD31451::I1PD314510373.tif/full/max/0/default.png
186b,,https://iiif.bdrc.io/bdr:V23702_I1PD31451::I1PD314510374.tif/full/max/0/default.png
187a,བརྒྱ་ གྱ་བདུན་,https://iiif.bdrc.io/bdr:V23702_I1PD31451::I1PD314510375.tif/full/max/0/default.png
187b,,https://iiif.bdrc.io/bdr:V23702_I1PD31451::I1PD314510376.tif/full/max/0/default.png
188a,བརྒྱ་ གྱ་བརྒྱད་,https://iiif.bdrc.io/bdr:V23702_I1PD31451::I1PD314510377.tif/full/max/0/default.png
188b,,https://iiif.bdrc.io/bdr:V23702_I1PD31451::I1PD314510378.tif/full/max/0/default.png
189a,བརྒྱ་ གྱ་དགུ་,https://iiif.bdrc.io/bdr:V23702_I1PD31451::I1PD314510379.tif/full/max/0/default.png
189b,,https://iiif.bdrc.io/bdr:V23702_I1PD31451::I1PD314510380.tif/full/max/0/default.png
190a,བརྒྱ་ དགུ་བཅུ་,https://iiif.bdrc.io/bdr:V23702_I1PD31451::I1PD314510381.tif/full/max/0/default.png
190b,,https://iiif.bdrc.io/bdr:V23702_I1PD31451::I1PD314510382.tif/full/max/0/default.png
191a,བརྒྱ་ གོ་གཅིག་,https://iiif.bdrc.io/bdr:V23702_I1PD31451::I1PD314510383.tif/full/max/0/default.png
191b,,https://iiif.bdrc.io/bdr:V23702_I1PD31451::I1PD314510384.tif/full/max/0/default.png
192a,བརྒྱ་ གོ་གཉིས་,https://iiif.bdrc.io/bdr:V23702_I1PD31451::I1PD314510385.tif/full/max/0/default.png
192b,,https://iiif.bdrc.io/bdr:V23702_I1PD31451::I1PD314510386.tif/full/max/0/default.png
193a,བརྒྱ་ གོ་གསུམ་,https://iiif.bdrc.io/bdr:V23702_I1PD31451::I1PD314510387.tif/full/max/0/default.png
193b,,https://iiif.bdrc.io/bdr:V23702_I1PD31451::I1PD314510388.tif/full/max/0/default.png
194a,བརྒྱ་ གོ་བཞི་,https://iiif.bdrc.io/bdr:V23702_I1PD31451::I1PD314510389.tif/full/max/0/default.png
194b,,https://iiif.bdrc.io/bdr:V23702_I1PD31451::I1PD314510390.tif/full/max/0/default.png
195a,བརྒྱ་ གོ་ལྔ་,https://iiif.bdrc.io/bdr:V23702_I1PD31451::I1PD314510391.tif/full/max/0/default.png
195b,,https://iiif.bdrc.io/bdr:V23702_I1PD31451::I1PD314510392.tif/full/max/0/default.png
196a,བརྒྱ་ གོ་དྲུག་,https://iiif.bdrc.io/bdr:V23702_I1PD31451::I1PD314510393.tif/full/max/0/default.png
196b,,https://iiif.bdrc.io/bdr:V23702_I1PD31451::I1PD314510394.tif/full/max/0/default.png
197a,བརྒྱ་ གོ་བདུན་,https://iiif.bdrc.io/bdr:V23702_I1PD31451::I1PD314510395.tif/full/max/0/default.png
197b,,https://iiif.bdrc.io/bdr:V23702_I1PD31451::I1PD314510396.tif/full/max/0/default.png
198a,བརྒྱ་ གོ་བརྒྱད་,https://iiif.bdrc.io/bdr:V23702_I1PD31451::I1PD314510397.tif/full/max/0/default.png
198b,,https://iiif.bdrc.io/bdr:V23702_I1PD31451::I1PD314510398.tif/full/max/0/default.png
199a,བརྒྱ་ གོ་དགུ་,https://iiif.bdrc.io/bdr:V23702_I1PD31451::I1PD314510399.tif/full/max/0/default.png
199b,,https://iiif.bdrc.io/bdr:V23702_I1PD31451::I1PD314510400.tif/full/max/0/default.png
200a,གཉིས་བརྒྱ་,https://iiif.bdrc.io/bdr:V23702_I1PD31451::I1PD314510401.tif/full/max/0/default.png
200b,,https://iiif.bdrc.io/bdr:V23702_I1PD31451::I1PD314510402.tif/full/max/0/default.png
201a,གཉིས་བརྒྱ་ གཅིག་,https://iiif.bdrc.io/bdr:V23702_I1PD31451::I1PD314510403.tif/full/max/0/default.png
201b,,https://iiif.bdrc.io/bdr:V23702_I1PD31451::I1PD314510404.tif/full/max/0/default.png
202a,གཉིས་བརྒྱ་ གཉིས་,https://iiif.bdrc.io/bdr:V23702_I1PD31451::I1PD314510405.tif/full/max/0/default.png
202b,,https://iiif.bdrc.io/bdr:V23702_I1PD31451::I1PD314510406.tif/full/max/0/default.png
203a,གཉིས་བརྒྱ་ གསུམ་,https://iiif.bdrc.io/bdr:V23702_I1PD31451::I1PD314510407.tif/full/max/0/default.png
203b,,https://iiif.bdrc.io/bdr:V23702_I1PD31451::I1PD314510408.tif/full/max/0/default.png
204a,གཉིས་བརྒྱ་ བཞི་,https://iiif.bdrc.io/bdr:V23702_I1PD31451::I1PD314510409.tif/full/max/0/default.png
204b,,https://iiif.bdrc.io/bdr:V23702_I1PD31451::I1PD314510410.tif/full/max/0/default.png
205a,གཉིས་བརྒྱ་ ལྔ་,https://iiif.bdrc.io/bdr:V23702_I1PD31451::I1PD314510411.tif/full/max/0/default.png
205b,,https://iiif.bdrc.io/bdr:V23702_I1PD31451::I1PD314510412.tif/full/max/0/default.png
206a,གཉིས་བརྒྱ་ དྲུག་,https://iiif.bdrc.io/bdr:V23702_I1PD31451::I1PD314510413.tif/full/max/0/default.png
206b,,https://iiif.bdrc.io/bdr:V23702_I1PD31451::I1PD314510414.tif/full/max/0/default.png
207a,གཉིས་བརྒྱ་ བདུན་,https://iiif.bdrc.io/bdr:V23702_I1PD31451::I1PD314510415.tif/full/max/0/default.png
207b,,https://iiif.bdrc.io/bdr:V23702_I1PD31451::I1PD314510416.tif/full/max/0/default.png
208a,གཉིས་བརྒྱ་ བརྒྱད་,https://iiif.bdrc.io/bdr:V23702_I1PD31451::I1PD314510417.tif/full/max/0/default.png
208b,,https://iiif.bdrc.io/bdr:V23702_I1PD31451::I1PD314510418.tif/full/max/0/default.png
209a,གཉིས་བརྒྱ་ དགུ་,https://iiif.bdrc.io/bdr:V23702_I1PD31451::I1PD314510419.tif/full/max/0/default.png
209b,,https://iiif.bdrc.io/bdr:V23702_I1PD31451::I1PD314510420.tif/full/max/0/default.png
210a,གཉིས་བརྒྱ་ བཅུ་,https://iiif.bdrc.io/bdr:V23702_I1PD31451::I1PD314510421.tif/full/max/0/default.png
210b,,https://iiif.bdrc.io/bdr:V23702_I1PD31451::I1PD314510422.tif/full/max/0/default.png
211a,གཉིས་བརྒྱ་ བཅུ་གཅིག་,https://iiif.bdrc.io/bdr:V23702_I1PD31451::I1PD314510423.tif/full/max/0/default.png
211b,,https://iiif.bdrc.io/bdr:V23702_I1PD31451::I1PD314510424.tif/full/max/0/default.png
212a,གཉིས་བརྒྱ་ བཅུ་གཉིས་,https://iiif.bdrc.io/bdr:V23702_I1PD31451::I1PD314510425.tif/full/max/0/default.png
212b,,https://iiif.bdrc.io/bdr:V23702_I1PD31451::I1PD314510426.tif/full/max/0/default.png
213a,གཉིས་བརྒྱ་ བཅུ་གསུམ་,https://iiif.bdrc.io/bdr:V23702_I1PD31451::I1PD314510427.tif/full/max/0/default.png
213b,,https://iiif.bdrc.io/bdr:V23702_I1PD31451::I1PD314510428.tif/full/max/0/default.png
214a,གཉིས་བརྒྱ་ བཅུ་བཞི་,https://iiif.bdrc.io/bdr:V23702_I1PD31451::I1PD314510429.tif/full/max/0/default.png
214b,,https://iiif.bdrc.io/bdr:V23702_I1PD31451::I1PD314510430.tif/full/max/0/default.png
215a,གཉིས་བརྒྱ་ བཅོ་ལྔ་,https://iiif.bdrc.io/bdr:V23702_I1PD31451::I1PD314510431.tif/full/max/0/default.png
215b,,https://iiif.bdrc.io/bdr:V23702_I1PD31451::I1PD314510432.tif/full/max/0/default.png
216a,གཉིས་བརྒྱ་ བཅུ་དྲུག་,https://iiif.bdrc.io/bdr:V23702_I1PD31451::I1PD314510433.tif/full/max/0/default.png
216b,,https://iiif.bdrc.io/bdr:V23702_I1PD31451::I1PD314510434.tif/full/max/0/default.png
217a,གཉིས་བརྒྱ་ བཅུ་བདུན་,https://iiif.bdrc.io/bdr:V23702_I1PD31451::I1PD314510435.tif/full/max/0/default.png
217b,,https://iiif.bdrc.io/bdr:V23702_I1PD31451::I1PD314510436.tif/full/max/0/default.png
218a,གཉིས་བརྒྱ་ བཅོ་བརྒྱད་,https://iiif.bdrc.io/bdr:V23702_I1PD31451::I1PD314510437.tif/full/max/0/default.png
218b,,https://iiif.bdrc.io/bdr:V23702_I1PD31451::I1PD314510438.tif/full/max/0/default.png
219a,གཉིས་བརྒྱ་ བཅུ་དགུ་,https://iiif.bdrc.io/bdr:V23702_I1PD31451::I1PD314510439.tif/full/max/0/default.png
219b,,https://iiif.bdrc.io/bdr:V23702_I1PD31451::I1PD314510440.tif/full/max/0/default.png
220a,གཉིས་བརྒྱ་ ཉི་ཤུ,https://iiif.bdrc.io/bdr:V23702_I1PD31451::I1PD314510441.tif/full/max/0/default.png
220b,,https://iiif.bdrc.io/bdr:V23702_I1PD31451::I1PD314510442.tif/full/max/0/default.png
221a,གཉིས་བརྒྱ་ ཉེར་གཅིག་,https://iiif.bdrc.io/bdr:V23702_I1PD31451::I1PD314510443.tif/full/max/0/default.png
221b,,https://iiif.bdrc.io/bdr:V23702_I1PD31451::I1PD314510444.tif/full/max/0/default.png
222a,གཉིས་བརྒྱ་ ཉེར་གཉིས་,https://iiif.bdrc.io/bdr:V23702_I1PD31451::I1PD314510445.tif/full/max/0/default.png
222b,,https://iiif.bdrc.io/bdr:V23702_I1PD31451::I1PD314510446.tif/full/max/0/default.png
223a,གཉིས་བརྒྱ་ ཉེར་གསུམ་,https://iiif.bdrc.io/bdr:V23702_I1PD31451::I1PD314510447.tif/full/max/0/default.png
223b,,https://iiif.bdrc.io/bdr:V23702_I1PD31451::I1PD314510448.tif/full/max/0/default.png
224a,གཉིས་བརྒྱ་ ཉེར་བཞི་,https://iiif.bdrc.io/bdr:V23702_I1PD31451::I1PD314510449.tif/full/max/0/default.png
224b,,https://iiif.bdrc.io/bdr:V23702_I1PD31451::I1PD314510450.tif/full/max/0/default.png
225a,གཉིས་བརྒྱ་ ཉེར་ལྔ་,https://iiif.bdrc.io/bdr:V23702_I1PD31451::I1PD314510451.tif/full/max/0/default.png
225b,,https://iiif.bdrc.io/bdr:V23702_I1PD31451::I1PD314510452.tif/full/max/0/default.png
226a,གཉིས་བརྒྱ་ ཉེར་དྲུག་,https://iiif.bdrc.io/bdr:V23702_I1PD31451::I1PD314510453.tif/full/max/0/default.png
226b,,https://iiif.bdrc.io/bdr:V23702_I1PD31451::I1PD314510454.tif/full/max/0/default.png
227a,གཉིས་བརྒྱ་ ཉེར་བདུན་,https://iiif.bdrc.io/bdr:V23702_I1PD31451::I1PD314510455.tif/full/max/0/default.png
227b,,https://iiif.bdrc.io/bdr:V23702_I1PD31451::I1PD314510456.tif/full/max/0/default.png
228a,གཉིས་བརྒྱ་ ཉེར་བརྒྱད་,https://iiif.bdrc.io/bdr:V23702_I1PD31451::I1PD314510457.tif/full/max/0/default.png
228b,,https://iiif.bdrc.io/bdr:V23702_I1PD31451::I1PD314510458.tif/full/max/0/default.png
229a,གཉིས་བརྒྱ་ ཉེར་དགུ་,https://iiif.bdrc.io/bdr:V23702_I1PD31451::I1PD314510459.tif/full/max/0/default.png
229b,,https://iiif.bdrc.io/bdr:V23702_I1PD31451::I1PD314510460.tif/full/max/0/default.png
230a,གཉིས་བརྒྱ་ སུམ་བཅུ་,https://iiif.bdrc.io/bdr:V23702_I1PD31451::I1PD314510461.tif/full/max/0/default.png
230b,,https://iiif.bdrc.io/bdr:V23702_I1PD31451::I1PD314510462.tif/full/max/0/default.png
231a,གཉིས་བརྒྱ་ སོ་གཅིག་,https://iiif.bdrc.io/bdr:V23702_I1PD31451::I1PD314510463.tif/full/max/0/default.png
231b,,https://iiif.bdrc.io/bdr:V23702_I1PD31451::I1PD314510464.tif/full/max/0/default.png
232a,གཉིས་བརྒྱ་ སོ་གཉིས་,https://iiif.bdrc.io/bdr:V23702_I1PD31451::I1PD314510465.tif/full/max/0/default.png
232b,,https://iiif.bdrc.io/bdr:V23702_I1PD31451::I1PD314510466.tif/full/max/0/default.png
233a,གཉིས་བརྒྱ་ སོ་གསུམ་,https://iiif.bdrc.io/bdr:V23702_I1PD31451::I1PD314510467.tif/full/max/0/default.png
233b,,https://iiif.bdrc.io/bdr:V23702_I1PD31451::I1PD314510468.tif/full/max/0/default.png
234a,གཉིས་བརྒྱ་ སོ་བཞི་,https://iiif.bdrc.io/bdr:V23702_I1PD31451::I1PD314510469.tif/full/max/0/default.png
234b,,https://iiif.bdrc.io/bdr:V23702_I1PD31451::I1PD314510470.tif/full/max/0/default.png
235a,གཉིས་བརྒྱ་ སོ་ལྔ་,https://iiif.bdrc.io/bdr:V23702_I1PD31451::I1PD314510471.tif/full/max/0/default.png
235b,,https://iiif.bdrc.io/bdr:V23702_I1PD31451::I1PD314510472.tif/full/max/0/default.png
236a,གཉིས་བརྒྱ་ སོ་དྲུག་,https://iiif.bdrc.io/bdr:V23702_I1PD31451::I1PD314510473.tif/full/max/0/default.png
236b,,https://iiif.bdrc.io/bdr:V23702_I1PD31451::I1PD314510474.tif/full/max/0/default.png
237a,གཉིས་བརྒྱ་ སོ་བདུན་,https://iiif.bdrc.io/bdr:V23702_I1PD31451::I1PD314510475.tif/full/max/0/default.png
237b,,https://iiif.bdrc.io/bdr:V23702_I1PD31451::I1PD314510476.tif/full/max/0/default.png
238a,གཉིས་བརྒྱ་ སོ་བརྒྱད་,https://iiif.bdrc.io/bdr:V23702_I1PD31451::I1PD314510477.tif/full/max/0/default.png
238b,,https://iiif.bdrc.io/bdr:V23702_I1PD31451::I1PD314510478.tif/full/max/0/default.png
239a,གཉིས་བརྒྱ་ སོ་དགུ་,https://iiif.bdrc.io/bdr:V23702_I1PD31451::I1PD314510479.tif/full/max/0/default.png
239b,,https://iiif.bdrc.io/bdr:V23702_I1PD31451::I1PD314510480.tif/full/max/0/default.png
240a,གཉིས་བརྒྱ་ བཞི་བཅུ་,https://iiif.bdrc.io/bdr:V23702_I1PD31451::I1PD314510481.tif/full/max/0/default.png
240b,,https://iiif.bdrc.io/bdr:V23702_I1PD31451::I1PD314510482.tif/full/max/0/default.png
241a,གཉིས་བརྒྱ་ ཞེ་གཅིག་,https://iiif.bdrc.io/bdr:V23702_I1PD31451::I1PD314510483.tif/full/max/0/default.png
241b,,https://iiif.bdrc.io/bdr:V23702_I1PD31451::I1PD314510484.tif/full/max/0/default.png
242a,གཉིས་བརྒྱ་ ཞེ་གཉིས་,https://iiif.bdrc.io/bdr:V23702_I1PD31451::I1PD314510485.tif/full/max/0/default.png
242b,,https://iiif.bdrc.io/bdr:V23702_I1PD31451::I1PD314510486.tif/full/max/0/default.png
243a,གཉིས་བརྒྱ་ ཞེ་གསུམ་,https://iiif.bdrc.io/bdr:V23702_I1PD31451::I1PD314510487.tif/full/max/0/default.png
243b,,https://iiif.bdrc.io/bdr:V23702_I1PD31451::I1PD314510488.tif/full/max/0/default.png
244a,གཉིས་བརྒྱ་ ཞེ་བཞི་,https://iiif.bdrc.io/bdr:V23702_I1PD31451::I1PD314510489.tif/full/max/0/default.png
244b,,https://iiif.bdrc.io/bdr:V23702_I1PD31451::I1PD314510490.tif/full/max/0/default.png
245a,གཉིས་བརྒྱ་ ཞེ་ལྔ་,https://iiif.bdrc.io/bdr:V23702_I1PD31451::I1PD314510491.tif/full/max/0/default.png
245b,,https://iiif.bdrc.io/bdr:V23702_I1PD31451::I1PD314510492.tif/full/max/0/default.png
246a,གཉིས་བརྒྱ་ ཞེ་དྲུག་,https://iiif.bdrc.io/bdr:V23702_I1PD31451::I1PD314510493.tif/full/max/0/default.png
246b,,https://iiif.bdrc.io/bdr:V23702_I1PD31451::I1PD314510494.tif/full/max/0/default.png
247a,གཉིས་བརྒྱ་ ཞེ་བདུན་,https://iiif.bdrc.io/bdr:V23702_I1PD31451::I1PD314510495.tif/full/max/0/default.png
247b,,https://iiif.bdrc.io/bdr:V23702_I1PD31451::I1PD314510496.tif/full/max/0/default.png
248a,གཉིས་བརྒྱ་ ཞེ་བརྒྱད་,https://iiif.bdrc.io/bdr:V23702_I1PD31451::I1PD314510497.tif/full/max/0/default.png
248b,,https://iiif.bdrc.io/bdr:V23702_I1PD31451::I1PD314510498.tif/full/max/0/default.png
249a,གཉིས་བརྒྱ་ ཞེ་དགུ་,https://iiif.bdrc.io/bdr:V23702_I1PD31451::I1PD314510499.tif/full/max/0/default.png
249b,,https://iiif.bdrc.io/bdr:V23702_I1PD31451::I1PD314510500.tif/full/max/0/default.png
250a,གཉིས་བརྒྱ་ ལྔ་བཅུ་,https://iiif.bdrc.io/bdr:V23702_I1PD31451::I1PD314510501.tif/full/max/0/default.png
250b,,https://iiif.bdrc.io/bdr:V23702_I1PD31451::I1PD314510502.tif/full/max/0/default.png
251a,གཉིས་བརྒྱ་ ང་གཅིག་,https://iiif.bdrc.io/bdr:V23702_I1PD31451::I1PD314510503.tif/full/max/0/default.png
251b,,https://iiif.bdrc.io/bdr:V23702_I1PD31451::I1PD314510504.tif/full/max/0/default.png
252a,གཉིས་བརྒྱ་ ང་གཉིས་,https://iiif.bdrc.io/bdr:V23702_I1PD31451::I1PD314510505.tif/full/max/0/default.png
252b,,https://iiif.bdrc.io/bdr:V23702_I1PD31451::I1PD314510506.tif/full/max/0/default.png
253a,གཉིས་བརྒྱ་ ང་གསུམ་,https://iiif.bdrc.io/bdr:V23702_I1PD31451::I1PD314510507.tif/full/max/0/default.png
253b,,https://iiif.bdrc.io/bdr:V23702_I1PD31451::I1PD314510508.tif/full/max/0/default.png
254a,གཉིས་བརྒྱ་ ང་བཞི་,https://iiif.bdrc.io/bdr:V23702_I1PD31451::I1PD314510509.tif/full/max/0/default.png
254b,,https://iiif.bdrc.io/bdr:V23702_I1PD31451::I1PD314510510.tif/full/max/0/default.png
255a,གཉིས་བརྒྱ་ ང་ལྔ་,https://iiif.bdrc.io/bdr:V23702_I1PD31451::I1PD314510511.tif/full/max/0/default.png
255b,,https://iiif.bdrc.io/bdr:V23702_I1PD31451::I1PD314510512.tif/full/max/0/default.png
256a,གཉིས་བརྒྱ་ ང་དྲུག་,https://iiif.bdrc.io/bdr:V23702_I1PD31451::I1PD314510513.tif/full/max/0/default.png
256b,,https://iiif.bdrc.io/bdr:V23702_I1PD31451::I1PD314510514.tif/full/max/0/default.png
257a,གཉིས་བརྒྱ་ ང་བདུན་,https://iiif.bdrc.io/bdr:V23702_I1PD31451::I1PD314510515.tif/full/max/0/default.png
257b,,https://iiif.bdrc.io/bdr:V23702_I1PD31451::I1PD314510516.tif/full/max/0/default.png
258a,གཉིས་བརྒྱ་ ང་བརྒྱད་,https://iiif.bdrc.io/bdr:V23702_I1PD31451::I1PD314510517.tif/full/max/0/default.png
258b,,https://iiif.bdrc.io/bdr:V23702_I1PD31451::I1PD314510518.tif/full/max/0/default.png
259a,གཉིས་བརྒྱ་ ང་དགུ་,https://iiif.bdrc.io/bdr:V23702_I1PD31451::I1PD314510519.tif/full/max/0/default.png
259b,,https://iiif.bdrc.io/bdr:V23702_I1PD31451::I1PD314510520.tif/full/max/0/default.png
260a,གཉིས་བརྒྱ་ དྲུག་བཅུ་,https://iiif.bdrc.io/bdr:V23702_I1PD31451::I1PD314510521.tif/full/max/0/default.png
260b,,https://iiif.bdrc.io/bdr:V23702_I1PD31451::I1PD314510522.tif/full/max/0/default.png
261a,གཉིས་བརྒྱ་ རེ་གཅིག་,https://iiif.bdrc.io/bdr:V23702_I1PD31451::I1PD314510523.tif/full/max/0/default.png
261b,,https://iiif.bdrc.io/bdr:V23702_I1PD31451::I1PD314510524.tif/full/max/0/default.png
262a,གཉིས་བརྒྱ་ རེ་གཉིས་,https://iiif.bdrc.io/bdr:V23702_I1PD31451::I1PD314510525.tif/full/max/0/default.png
262b,,https://iiif.bdrc.io/bdr:V23702_I1PD31451::I1PD314510526.tif/full/max/0/default.png
263a,གཉིས་བརྒྱ་ རེ་གསུམ་,https://iiif.bdrc.io/bdr:V23702_I1PD31451::I1PD314510527.tif/full/max/0/default.png
263b,,https://iiif.bdrc.io/bdr:V23702_I1PD31451::I1PD314510528.tif/full/max/0/default.png
264a,གཉིས་བརྒྱ་ རེ་བཞི་,https://iiif.bdrc.io/bdr:V23702_I1PD31451::I1PD314510529.tif/full/max/0/default.png
264b,,https://iiif.bdrc.io/bdr:V23702_I1PD31451::I1PD314510530.tif/full/max/0/default.png
265a,གཉིས་བརྒྱ་ རེ་ལྔ་,https://iiif.bdrc.io/bdr:V23702_I1PD31451::I1PD314510531.tif/full/max/0/default.png
265b,,https://iiif.bdrc.io/bdr:V23702_I1PD31451::I1PD314510532.tif/full/max/0/default.png
266a,གཉིས་བརྒྱ་ རེ་དྲུག་,https://iiif.bdrc.io/bdr:V23702_I1PD31451::I1PD314510533.tif/full/max/0/default.png
266b,,https://iiif.bdrc.io/bdr:V23702_I1PD31451::I1PD314510534.tif/full/max/0/default.png
267a,གཉིས་བརྒྱ་ རེ་བདུན་,https://iiif.bdrc.io/bdr:V23702_I1PD31451::I1PD314510535.tif/full/max/0/default.png
267b,,https://iiif.bdrc.io/bdr:V23702_I1PD31451::I1PD314510536.tif/full/max/0/default.png
268a,གཉིས་བརྒྱ་ རེ་བརྒྱད་,https://iiif.bdrc.io/bdr:V23702_I1PD31451::I1PD314510537.tif/full/max/0/default.png
268b,,https://iiif.bdrc.io/bdr:V23702_I1PD31451::I1PD314510538.tif/full/max/0/default.png
269a,གཉིས་བརྒྱ་ རེ་དགུ་,https://iiif.bdrc.io/bdr:V23702_I1PD31451::I1PD314510539.tif/full/max/0/default.png
269b,,https://iiif.bdrc.io/bdr:V23702_I1PD31451::I1PD314510540.tif/full/max/0/default.png
270a,གཉིས་བརྒྱ་ བདུན་བཅུ་,https://iiif.bdrc.io/bdr:V23702_I1PD31451::I1PD314510541.tif/full/max/0/default.png
270b,,https://iiif.bdrc.io/bdr:V23702_I1PD31451::I1PD314510542.tif/full/max/0/default.png
271a,གཉིས་བརྒྱ་ དོན་གཅིག་,https://iiif.bdrc.io/bdr:V23702_I1PD31451::I1PD314510543.tif/full/max/0/default.png
271b,,https://iiif.bdrc.io/bdr:V23702_I1PD31451::I1PD314510544.tif/full/max/0/default.png
272a,གཉིས་བརྒྱ་ དོན་གཉིས་,https://iiif.bdrc.io/bdr:V23702_I1PD31451::I1PD314510545.tif/full/max/0/default.png
272b,,https://iiif.bdrc.io/bdr:V23702_I1PD31451::I1PD314510546.tif/full/max/0/default.png
273a,གཉིས་བརྒྱ་ དོན་གསུམ་,https://iiif.bdrc.io/bdr:V23702_I1PD31451::I1PD314510547.tif/full/max/0/default.png
273b,,https://iiif.bdrc.io/bdr:V23702_I1PD31451::I1PD314510548.tif/full/max/0/default.png
274a,གཉིས་བརྒྱ་ དོན་བཞི་,https://iiif.bdrc.io/bdr:V23702_I1PD31451::I1PD314510549.tif/full/max/0/default.png
274b,,https://iiif.bdrc.io/bdr:V23702_I1PD31451::I1PD314510550.tif/full/max/0/default.png
275a,གཉིས་བརྒྱ་ དོན་ལྔ་,https://iiif.bdrc.io/bdr:V23702_I1PD31451::I1PD314510551.tif/full/max/0/default.png
275b,,https://iiif.bdrc.io/bdr:V23702_I1PD31451::I1PD314510552.tif/full/max/0/default.png
276a,གཉིས་བརྒྱ་ དོན་དྲུག་,https://iiif.bdrc.io/bdr:V23702_I1PD31451::I1PD314510553.tif/full/max/0/default.png
276b,,https://iiif.bdrc.io/bdr:V23702_I1PD31451::I1PD314510554.tif/full/max/0/default.png
277a,གཉིས་བརྒྱ་ དོན་བདུན་,https://iiif.bdrc.io/bdr:V23702_I1PD31451::I1PD314510555.tif/full/max/0/default.png
277b,,https://iiif.bdrc.io/bdr:V23702_I1PD31451::I1PD314510556.tif/full/max/0/default.png
278a,གཉིས་བརྒྱ་ དོན་བརྒྱད་,https://iiif.bdrc.io/bdr:V23702_I1PD31451::I1PD314510557.tif/full/max/0/default.png
278b,,https://iiif.bdrc.io/bdr:V23702_I1PD31451::I1PD314510558.tif/full/max/0/default.png
279a,གཉིས་བརྒྱ་ དོན་དགུ་,https://iiif.bdrc.io/bdr:V23702_I1PD31451::I1PD314510559.tif/full/max/0/default.png
279b,,https://iiif.bdrc.io/bdr:V23702_I1PD31451::I1PD314510560.tif/full/max/0/default.png
280a,གཉིས་བརྒྱ་ བརྒྱད་བཅུ་,https://iiif.bdrc.io/bdr:V23702_I1PD31451::I1PD314510561.tif/full/max/0/default.png
280b,,https://iiif.bdrc.io/bdr:V23702_I1PD31451::I1PD314510562.tif/full/max/0/default.png
281a,གཉིས་བརྒྱ་ གྱ་གཅིག་,https://iiif.bdrc.io/bdr:V23702_I1PD31451::I1PD314510563.tif/full/max/0/default.png
281b,,https://iiif.bdrc.io/bdr:V23702_I1PD31451::I1PD314510564.tif/full/max/0/default.png
282a,གཉིས་བརྒྱ་ གྱ་གཉིས་,https://iiif.bdrc.io/bdr:V23702_I1PD31451::I1PD314510565.tif/full/max/0/default.png
282b,,https://iiif.bdrc.io/bdr:V23702_I1PD31451::I1PD314510566.tif/full/max/0/default.png
283a,གཉིས་བརྒྱ་ གྱ་གསུམ་,https://iiif.bdrc.io/bdr:V23702_I1PD31451::I1PD314510567.tif/full/max/0/default.png
283b,,https://iiif.bdrc.io/bdr:V23702_I1PD31451::I1PD314510568.tif/full/max/0/default.png
284a,གཉིས་བརྒྱ་ གྱ་བཞི་,https://iiif.bdrc.io/bdr:V23702_I1PD31451::I1PD314510569.tif/full/max/0/default.png
284b,,https://iiif.bdrc.io/bdr:V23702_I1PD31451::I1PD314510570.tif/full/max/0/default.png
285a,གཉིས་བརྒྱ་ གྱ་ལྔ་,https://iiif.bdrc.io/bdr:V23702_I1PD31451::I1PD314510571.tif/full/max/0/default.png
285b,,https://iiif.bdrc.io/bdr:V23702_I1PD31451::I1PD314510572.tif/full/max/0/default.png
286a,གཉིས་བརྒྱ་ གྱ་དྲུག་,https://iiif.bdrc.io/bdr:V23702_I1PD31451::I1PD314510573.tif/full/max/0/default.png
286b,,https://iiif.bdrc.io/bdr:V23702_I1PD31451::I1PD314510574.tif/full/max/0/default.png
287a,གཉིས་བརྒྱ་ གྱ་བདུན་,https://iiif.bdrc.io/bdr:V23702_I1PD31451::I1PD314510575.tif/full/max/0/default.png
287b,,https://iiif.bdrc.io/bdr:V23702_I1PD31451::I1PD314510576.tif/full/max/0/default.png
288a,གཉིས་བརྒྱ་ གྱ་བརྒྱད་,https://iiif.bdrc.io/bdr:V23702_I1PD31451::I1PD314510577.tif/full/max/0/default.png
288b,,https://iiif.bdrc.io/bdr:V23702_I1PD31451::I1PD314510578.tif/full/max/0/default.png
289a,གཉིས་བརྒྱ་ གྱ་དགུ་,https://iiif.bdrc.io/bdr:V23702_I1PD31451::I1PD314510579.tif/full/max/0/default.png
289b,,https://iiif.bdrc.io/bdr:V23702_I1PD31451::I1PD314510580.tif/full/max/0/default.png
290a,གཉིས་བརྒྱ་ དགུ་བཅུ་,https://iiif.bdrc.io/bdr:V23702_I1PD31451::I1PD314510581.tif/full/max/0/default.png
290b,,https://iiif.bdrc.io/bdr:V23702_I1PD31451::I1PD314510582.tif/full/max/0/default.png
291a,གཉིས་བརྒྱ་ གོ་གཅིག་,https://iiif.bdrc.io/bdr:V23702_I1PD31451::I1PD314510583.tif/full/max/0/default.png
291b,,https://iiif.bdrc.io/bdr:V23702_I1PD31451::I1PD314510584.tif/full/max/0/default.png
292a,གཉིས་བརྒྱ་ གོ་གཉིས་,https://iiif.bdrc.io/bdr:V23702_I1PD31451::I1PD314510585.tif/full/max/0/default.png
292b,,https://iiif.bdrc.io/bdr:V23702_I1PD31451::I1PD314510586.tif/full/max/0/default.png
293a,གཉིས་བརྒྱ་ གོ་གསུམ་,https://iiif.bdrc.io/bdr:V23702_I1PD31451::I1PD314510587.tif/full/max/0/default.png
293b,,https://iiif.bdrc.io/bdr:V23702_I1PD31451::I1PD314510588.tif/full/max/0/default.png
294a,གཉིས་བརྒྱ་ གོ་བཞི་,https://iiif.bdrc.io/bdr:V23702_I1PD31451::I1PD314510589.tif/full/max/0/default.png
294b,,https://iiif.bdrc.io/bdr:V23702_I1PD31451::I1PD314510590.tif/full/max/0/default.png
295a,གཉིས་བརྒྱ་ གོ་ལྔ་,https://iiif.bdrc.io/bdr:V23702_I1PD31451::I1PD314510591.tif/full/max/0/default.png
295b,,https://iiif.bdrc.io/bdr:V23702_I1PD31451::I1PD314510592.tif/full/max/0/default.png
296a,གཉིས་བརྒྱ་ གོ་དྲུག་,https://iiif.bdrc.io/bdr:V23702_I1PD31451::I1PD314510593.tif/full/max/0/default.png
296b,,https://iiif.bdrc.io/bdr:V23702_I1PD31451::I1PD314510594.tif/full/max/0/default.png
297a,གཉིས་བརྒྱ་ གོ་བདུན་,https://iiif.bdrc.io/bdr:V23702_I1PD31451::I1PD314510595.tif/full/max/0/default.png
297b,,https://iiif.bdrc.io/bdr:V23702_I1PD31451::I1PD314510596.tif/full/max/0/default.png
298a,གཉིས་བརྒྱ་ གོ་བརྒྱད་,https://iiif.bdrc.io/bdr:V23702_I1PD31451::I1PD314510597.tif/full/max/0/default.png
298b,,https://iiif.bdrc.io/bdr:V23702_I1PD31451::I1PD314510598.tif/full/max/0/default.png
299a,གཉིས་བརྒྱ་ གོ་དགུ་,https://iiif.bdrc.io/bdr:V23702_I1PD31451::I1PD314510599.tif/full/max/0/default.png
299b,,https://iiif.bdrc.io/bdr:V23702_I1PD31451::I1PD314510600.tif/full/max/0/default.png
300a,གསུམ་བརྒྱ་,https://iiif.bdrc.io/bdr:V23702_I1PD31451::I1PD314510601.tif/full/max/0/default.png
300b,,https://iiif.bdrc.io/bdr:V23702_I1PD31451::I1PD314510602.tif/full/max/0/default.png
301a,གསུམ་བརྒྱ་ གཅིག་,https://iiif.bdrc.io/bdr:V23702_I1PD31451::I1PD314510603.tif/full/max/0/default.png
301b,,https://iiif.bdrc.io/bdr:V23702_I1PD31451::I1PD314510604.tif/full/max/0/default.png
302a,གསུམ་བརྒྱ་ གཉིས་,https://iiif.bdrc.io/bdr:V23702_I1PD31451::I1PD314510605.tif/full/max/0/default.png
302b,,https://iiif.bdrc.io/bdr:V23702_I1PD31451::I1PD314510606.tif/full/max/0/default.png
303a,གསུམ་བརྒྱ་ གསུམ་,https://iiif.bdrc.io/bdr:V23702_I1PD31451::I1PD314510607.tif/full/max/0/default.png
303b,,https://iiif.bdrc.io/bdr:V23702_I1PD31451::I1PD314510608.tif/full/max/0/default.png
304a,གསུམ་བརྒྱ་ བཞི་,https://iiif.bdrc.io/bdr:V23702_I1PD31451::I1PD314510609.tif/full/max/0/default.png
304b,,https://iiif.bdrc.io/bdr:V23702_I1PD31451::I1PD314510610.tif/full/max/0/default.png
305a,གསུམ་བརྒྱ་ ལྔ་,https://iiif.bdrc.io/bdr:V23702_I1PD31451::I1PD314510611.tif/full/max/0/default.png
305b,,https://iiif.bdrc.io/bdr:V23702_I1PD31451::I1PD314510612.tif/full/max/0/default.png
306a,གསུམ་བརྒྱ་ དྲུག་,https://iiif.bdrc.io/bdr:V23702_I1PD31451::I1PD314510613.tif/full/max/0/default.png
306b,,https://iiif.bdrc.io/bdr:V23702_I1PD31451::I1PD314510614.tif/full/max/0/default.png
307a,གསུམ་བརྒྱ་ བདུན་,https://iiif.bdrc.io/bdr:V23702_I1PD31451::I1PD314510615.tif/full/max/0/default.png
307b,,https://iiif.bdrc.io/bdr:V23702_I1PD31451::I1PD314510616.tif/full/max/0/default.png
308a,གསུམ་བརྒྱ་ བརྒྱད་,https://iiif.bdrc.io/bdr:V23702_I1PD31451::I1PD314510617.tif/full/max/0/default.png
308b,,https://iiif.bdrc.io/bdr:V23702_I1PD31451::I1PD314510618.tif/full/max/0/default.png
309a,གསུམ་བརྒྱ་ དགུ་,https://iiif.bdrc.io/bdr:V23702_I1PD31451::I1PD314510619.tif/full/max/0/default.png
309b,,https://iiif.bdrc.io/bdr:V23702_I1PD31451::I1PD314510620.tif/full/max/0/default.png
310a,གསུམ་བརྒྱ་ བཅུ་,https://iiif.bdrc.io/bdr:V23702_I1PD31451::I1PD314510621.tif/full/max/0/default.png
310b,,https://iiif.bdrc.io/bdr:V23702_I1PD31451::I1PD314510622.tif/full/max/0/default.png
311a,གསུམ་བརྒྱ་ བཅུ་གཅིག་,https://iiif.bdrc.io/bdr:V23702_I1PD31451::I1PD314510623.tif/full/max/0/default.png
311b,,https://iiif.bdrc.io/bdr:V23702_I1PD31451::I1PD314510624.tif/full/max/0/default.png
312a,གསུམ་བརྒྱ་ བཅུ་གཉིས་,https://iiif.bdrc.io/bdr:V23702_I1PD31451::I1PD314510625.tif/full/max/0/default.png
312b,,https://iiif.bdrc.io/bdr:V23702_I1PD31451::I1PD314510626.tif/full/max/0/default.png
313a,གསུམ་བརྒྱ་ བཅུ་གསུམ་,https://iiif.bdrc.io/bdr:V23702_I1PD31451::I1PD314510627.tif/full/max/0/default.png
313b,,https://iiif.bdrc.io/bdr:V23702_I1PD31451::I1PD314510628.tif/full/max/0/default.png
314a,གསུམ་བརྒྱ་ བཅུ་བཞི་,https://iiif.bdrc.io/bdr:V23702_I1PD31451::I1PD314510629.tif/full/max/0/default.png
314b,,https://iiif.bdrc.io/bdr:V23702_I1PD31451::I1PD314510630.tif/full/max/0/default.png
315a,གསུམ་བརྒྱ་ བཅོ་ལྔ་,https://iiif.bdrc.io/bdr:V23702_I1PD31451::I1PD314510631.tif/full/max/0/default.png
315b,,https://iiif.bdrc.io/bdr:V23702_I1PD31451::I1PD314510632.tif/full/max/0/default.png
316a,གསུམ་བརྒྱ་ བཅུ་དྲུག་,https://iiif.bdrc.io/bdr:V23702_I1PD31451::I1PD314510633.tif/full/max/0/default.png
316b,,https://iiif.bdrc.io/bdr:V23702_I1PD31451::I1PD314510634.tif/full/max/0/default.png
317a,གསུམ་བརྒྱ་ བཅུ་བདུན་,https://iiif.bdrc.io/bdr:V23702_I1PD31451::I1PD314510635.tif/full/max/0/default.png
317b,,https://iiif.bdrc.io/bdr:V23702_I1PD31451::I1PD314510636.tif/full/max/0/default.png
318a,གསུམ་བརྒྱ་ བཅོ་བརྒྱད་,https://iiif.bdrc.io/bdr:V23702_I1PD31451::I1PD314510637.tif/full/max/0/default.png
318b,,https://iiif.bdrc.io/bdr:V23702_I1PD31451::I1PD314510638.tif/full/max/0/default.png
319a,གསུམ་བརྒྱ་ བཅུ་དགུ་,https://iiif.bdrc.io/bdr:V23702_I1PD31451::I1PD314510639.tif/full/max/0/default.png
319b,,https://iiif.bdrc.io/bdr:V23702_I1PD31451::I1PD314510640.tif/full/max/0/default.png
320a,གསུམ་བརྒྱ་ ཉི་ཤུ,https://iiif.bdrc.io/bdr:V23702_I1PD31451::I1PD314510641.tif/full/max/0/default.png
320b,,https://iiif.bdrc.io/bdr:V23702_I1PD31451::I1PD314510642.tif/full/max/0/default.png
321a,གསུམ་བརྒྱ་ ཉེར་གཅིག་,https://iiif.bdrc.io/bdr:V23702_I1PD31451::I1PD314510643.tif/full/max/0/default.png
321b,,https://iiif.bdrc.io/bdr:V23702_I1PD31451::I1PD314510644.tif/full/max/0/default.png
322a,གསུམ་བརྒྱ་ ཉེར་གཉིས་,https://iiif.bdrc.io/bdr:V23702_I1PD31451::I1PD314510645.tif/full/max/0/default.png
322b,,https://iiif.bdrc.io/bdr:V23702_I1PD31451::I1PD314510646.tif/full/max/0/default.png
323a,གསུམ་བརྒྱ་ ཉེར་གསུམ་,https://iiif.bdrc.io/bdr:V23702_I1PD31451::I1PD314510647.tif/full/max/0/default.png
323b,,https://iiif.bdrc.io/bdr:V23702_I1PD31451::I1PD314510648.tif/full/max/0/default.png
324a,གསུམ་བརྒྱ་ ཉེར་བཞི་,https://iiif.bdrc.io/bdr:V23702_I1PD31451::I1PD314510649.tif/full/max/0/default.png
324b,,https://iiif.bdrc.io/bdr:V23702_I1PD31451::I1PD314510650.tif/full/max/0/default.png
325a,གསུམ་བརྒྱ་ ཉེར་ལྔ་,https://iiif.bdrc.io/bdr:V23702_I1PD31451::I1PD314510651.tif/full/max/0/default.png
325b,,https://iiif.bdrc.io/bdr:V23702_I1PD31451::I1PD314510652.tif/full/max/0/default.png
326a,གསུམ་བརྒྱ་ ཉེར་དྲུག་,https://iiif.bdrc.io/bdr:V23702_I1PD31451::I1PD314510653.tif/full/max/0/default.png
326b,,https://iiif.bdrc.io/bdr:V23702_I1PD31451::I1PD314510654.tif/full/max/0/default.png
327a,གསུམ་བརྒྱ་ ཉེར་བདུན་,https://iiif.bdrc.io/bdr:V23702_I1PD31451::I1PD314510655.tif/full/max/0/default.png
327b,,https://iiif.bdrc.io/bdr:V23702_I1PD31451::I1PD314510656.tif/full/max/0/default.png
328a,གསུམ་བརྒྱ་ ཉེར་བརྒྱད་,https://iiif.bdrc.io/bdr:V23702_I1PD31451::I1PD314510657.tif/full/max/0/default.png
328b,,https://iiif.bdrc.io/bdr:V23702_I1PD31451::I1PD314510658.tif/full/max/0/default.png
329a,གསུམ་བརྒྱ་ ཉེར་དགུ་,https://iiif.bdrc.io/bdr:V23702_I1PD31451::I1PD314510659.tif/full/max/0/default.png
329b,,https://iiif.bdrc.io/bdr:V23702_I1PD31451::I1PD314510660.tif/full/max/0/default.png
330a,གསུམ་བརྒྱ་ སུམ་བཅུ་,https://iiif.bdrc.io/bdr:V23702_I1PD31451::I1PD314510661.tif/full/max/0/default.png
330b,,https://iiif.bdrc.io/bdr:V23702_I1PD31451::I1PD314510662.tif/full/max/0/default.png
331a,གསུམ་བརྒྱ་ སོ་གཅིག་,https://iiif.bdrc.io/bdr:V23702_I1PD31451::I1PD314510663.tif/full/max/0/default.png
331b,,https://iiif.bdrc.io/bdr:V23702_I1PD31451::I1PD314510664.tif/full/max/0/default.png
332a,གསུམ་བརྒྱ་ སོ་གཉིས་,https://iiif.bdrc.io/bdr:V23702_I1PD31451::I1PD314510665.tif/full/max/0/default.png
332b,,https://iiif.bdrc.io/bdr:V23702_I1PD31451::I1PD314510666.tif/full/max/0/default.png
333a,གསུམ་བརྒྱ་ སོ་གསུམ་,https://iiif.bdrc.io/bdr:V23702_I1PD31451::I1PD314510667.tif/full/max/0/default.png
333b,,https://iiif.bdrc.io/bdr:V23702_I1PD31451::I1PD314510668.tif/full/max/0/default.png
334a,གསུམ་བརྒྱ་ སོ་བཞི་,https://iiif.bdrc.io/bdr:V23702_I1PD31451::I1PD314510669.tif/full/max/0/default.png
334b,,https://iiif.bdrc.io/bdr:V23702_I1PD31451::I1PD314510670.tif/full/max/0/default.png
335a,གསུམ་བརྒྱ་ སོ་ལྔ་,https://iiif.bdrc.io/bdr:V23702_I1PD31451::I1PD314510671.tif/full/max/0/default.png
335b,,https://iiif.bdrc.io/bdr:V23702_I1PD31451::I1PD314510672.tif/full/max/0/default.png
336a,གསུམ་བརྒྱ་ སོ་དྲུག་,https://iiif.bdrc.io/bdr:V23702_I1PD31451::I1PD314510673.tif/full/max/0/default.png
336b,,https://iiif.bdrc.io/bdr:V23702_I1PD31451::I1PD314510674.tif/full/max/0/default.png
337a,གསུམ་བརྒྱ་ སོ་བདུན་,https://iiif.bdrc.io/bdr:V23702_I1PD31451::I1PD314510675.tif/full/max/0/default.png
337b,,https://iiif.bdrc.io/bdr:V23702_I1PD31451::I1PD314510676.tif/full/max/0/default.png
338a,གསུམ་བརྒྱ་ སོ་བརྒྱད་,https://iiif.bdrc.io/bdr:V23702_I1PD31451::I1PD314510677.tif/full/max/0/default.png
338b,,https://iiif.bdrc.io/bdr:V23702_I1PD31451::I1PD314510678.tif/full/max/0/default.png
339a,གསུམ་བརྒྱ་ སོ་དགུ་,https://iiif.bdrc.io/bdr:V23702_I1PD31451::I1PD314510679.tif/full/max/0/default.png
339b,,https://iiif.bdrc.io/bdr:V23702_I1PD31451::I1PD314510680.tif/full/max/0/default.png
340a,གསུམ་བརྒྱ་ བཞི་བཅུ་,https://iiif.bdrc.io/bdr:V23702_I1PD31451::I1PD314510681.tif/full/max/0/default.png
340b,,https://iiif.bdrc.io/bdr:V23702_I1PD31451::I1PD314510682.tif/full/max/0/default.png
341a,གསུམ་བརྒྱ་ ཞེ་གཅིག་,https://iiif.bdrc.io/bdr:V23702_I1PD31451::I1PD314510683.tif/full/max/0/default.png
341b,,https://iiif.bdrc.io/bdr:V23702_I1PD31451::I1PD314510684.tif/full/max/0/default.png
342a,གསུམ་བརྒྱ་ ཞེ་གཉིས་,https://iiif.bdrc.io/bdr:V23702_I1PD31451::I1PD314510685.tif/full/max/0/default.png
342b,,https://iiif.bdrc.io/bdr:V23702_I1PD31451::I1PD314510686.tif/full/max/0/default.png
343a,གསུམ་བརྒྱ་ ཞེ་གསུམ་,https://iiif.bdrc.io/bdr:V23702_I1PD31451::I1PD314510687.tif/full/max/0/default.png
343b,,https://iiif.bdrc.io/bdr:V23702_I1PD31451::I1PD314510688.tif/full/max/0/default.png
344a,གསུམ་བརྒྱ་ ཞེ་བཞི་,https://iiif.bdrc.io/bdr:V23702_I1PD31451::I1PD314510689.tif/full/max/0/default.png
344b,,https://iiif.bdrc.io/bdr:V23702_I1PD31451::I1PD314510690.tif/full/max/0/default.png
345a,གསུམ་བརྒྱ་ ཞེ་ལྔ་,https://iiif.bdrc.io/bdr:V23702_I1PD31451::I1PD314510691.tif/full/max/0/default.png
345b,,https://iiif.bdrc.io/bdr:V23702_I1PD31451::I1PD314510692.tif/full/max/0/default.png
346a,གསུམ་བརྒྱ་ ཞེ་དྲུག་,https://iiif.bdrc.io/bdr:V23702_I1PD31451::I1PD314510693.tif/full/max/0/default.png
346b,,https://iiif.bdrc.io/bdr:V23702_I1PD31451::I1PD314510694.tif/full/max/0/default.png
347a,གསུམ་བརྒྱ་ ཞེ་བདུན་,https://iiif.bdrc.io/bdr:V23702_I1PD31451::I1PD314510695.tif/full/max/0/default.png
347b,,https://iiif.bdrc.io/bdr:V23702_I1PD31451::I1PD314510696.tif/full/max/0/default.png
348a,གསུམ་བརྒྱ་ ཞེ་བརྒྱད་,https://iiif.bdrc.io/bdr:V23702_I1PD31451::I1PD314510697.tif/full/max/0/default.png
348b,,https://iiif.bdrc.io/bdr:V23702_I1PD31451::I1PD314510698.tif/full/max/0/default.png
349a,གསུམ་བརྒྱ་ ཞེ་དགུ་,https://iiif.bdrc.io/bdr:V23702_I1PD31451::I1PD314510699.tif/full/max/0/default.png
349b,,https://iiif.bdrc.io/bdr:V23702_I1PD31451::I1PD314510700.tif/full/max/0/default.png
350a,གསུམ་བརྒྱ་ ལྔ་བཅུ་,https://iiif.bdrc.io/bdr:V23702_I1PD31451::I1PD314510701.tif/full/max/0/default.png
350b,,https://iiif.bdrc.io/bdr:V23702_I1PD31451::I1PD314510702.tif/full/max/0/default.png
351a,གསུམ་བརྒྱ་ ང་གཅིག་,https://iiif.bdrc.io/bdr:V23702_I1PD31451::I1PD314510703.tif/full/max/0/default.png
351b,,https://iiif.bdrc.io/bdr:V23702_I1PD31451::I1PD314510704.tif/full/max/0/default.png
352a,གསུམ་བརྒྱ་ ང་གཉིས་,https://iiif.bdrc.io/bdr:V23702_I1PD31451::I1PD314510705.tif/full/max/0/default.png
352b,,https://iiif.bdrc.io/bdr:V23702_I1PD31451::I1PD314510706.tif/full/max/0/default.png
353a,གསུམ་བརྒྱ་ ང་གསུམ་,https://iiif.bdrc.io/bdr:V23702_I1PD31451::I1PD314510707.tif/full/max/0/default.png
353b,,https://iiif.bdrc.io/bdr:V23702_I1PD31451::I1PD314510708.tif/full/max/0/default.png
354a,གསུམ་བརྒྱ་ ང་བཞི་,https://iiif.bdrc.io/bdr:V23702_I1PD31451::I1PD314510709.tif/full/max/0/default.png
354b,,https://iiif.bdrc.io/bdr:V23702_I1PD31451::I1PD314510710.tif/full/max/0/default.png
355a,གསུམ་བརྒྱ་ ང་ལྔ་,https://iiif.bdrc.io/bdr:V23702_I1PD31451::I1PD314510711.tif/full/max/0/default.png
355b,,https://iiif.bdrc.io/bdr:V23702_I1PD31451::I1PD314510712.tif/full/max/0/default.png
356a,གསུམ་བརྒྱ་ ང་དྲུག་,https://iiif.bdrc.io/bdr:V23702_I1PD31451::I1PD314510713.tif/full/max/0/default.png
356b,,https://iiif.bdrc.io/bdr:V23702_I1PD31451::I1PD314510714.tif/full/max/0/default.png
357a,གསུམ་བརྒྱ་ ང་བདུན་,https://iiif.bdrc.io/bdr:V23702_I1PD31451::I1PD314510715.tif/full/max/0/default.png
357b,,https://iiif.bdrc.io/bdr:V23702_I1PD31451::I1PD314510716.tif/full/max/0/default.png
358a,གསུམ་བརྒྱ་ ང་བརྒྱད་,https://iiif.bdrc.io/bdr:V23702_I1PD31451::I1PD314510717.tif/full/max/0/default.png
358b,,https://iiif.bdrc.io/bdr:V23702_I1PD31451::I1PD314510718.tif/full/max/0/default.png
359a,གསུམ་བརྒྱ་ ང་དགུ་,https://iiif.bdrc.io/bdr:V23702_I1PD31451::I1PD314510719.tif/full/max/0/default.png
359b,,https://iiif.bdrc.io/bdr:V23702_I1PD31451::I1PD314510720.tif/full/max/0/default.png
360a,གསུམ་བརྒྱ་ དྲུག་བཅུ་,https://iiif.bdrc.io/bdr:V23702_I1PD31451::I1PD314510721.tif/full/max/0/default.png
360b,,https://iiif.bdrc.io/bdr:V23702_I1PD31451::I1PD314510722.tif/full/max/0/default.png
361a,གསུམ་བརྒྱ་ རེ་གཅིག་,https://iiif.bdrc.io/bdr:V23702_I1PD31451::I1PD314510723.tif/full/max/0/default.png
361b,,https://iiif.bdrc.io/bdr:V23702_I1PD31451::I1PD314510724.tif/full/max/0/default.png
362a,གསུམ་བརྒྱ་ རེ་གཉིས་,https://iiif.bdrc.io/bdr:V23702_I1PD31451::I1PD314510725.tif/full/max/0/default.png
362b,,https://iiif.bdrc.io/bdr:V23702_I1PD31451::I1PD314510726.tif/full/max/0/default.png
363a,གསུམ་བརྒྱ་ རེ་གསུམ་,https://iiif.bdrc.io/bdr:V23702_I1PD31451::I1PD314510727.tif/full/max/0/default.png
363b,,https://iiif.bdrc.io/bdr:V23702_I1PD31451::I1PD314510728.tif/full/max/0/default.png
364a,གསུམ་བརྒྱ་ རེ་བཞི་,https://iiif.bdrc.io/bdr:V23702_I1PD31451::I1PD314510729.tif/full/max/0/default.png
364b,,https://iiif.bdrc.io/bdr:V23702_I1PD31451::I1PD314510730.tif/full/max/0/default.png
365a,གསུམ་བརྒྱ་ རེ་ལྔ་,https://iiif.bdrc.io/bdr:V23702_I1PD31451::I1PD314510731.tif/full/max/0/default.png
365b,,https://iiif.bdrc.io/bdr:V23702_I1PD31451::I1PD314510732.tif/full/max/0/default.png
366a,གསུམ་བརྒྱ་ རེ་དྲུག་,https://iiif.bdrc.io/bdr:V23702_I1PD31451::I1PD314510733.tif/full/max/0/default.png
366b,,https://iiif.bdrc.io/bdr:V23702_I1PD31451::I1PD314510734.tif/full/max/0/default.png
367a,གསུམ་བརྒྱ་ རེ་བདུན་,https://iiif.bdrc.io/bdr:V23702_I1PD31451::I1PD314510735.tif/full/max/0/default.png
367b,,https://iiif.bdrc.io/bdr:V23702_I1PD31451::I1PD314510736.tif/full/max/0/default.png
368a,གསུམ་བརྒྱ་ རེ་བརྒྱད་,https://iiif.bdrc.io/bdr:V23702_I1PD31451::I1PD314510737.tif/full/max/0/default.png
368b,,https://iiif.bdrc.io/bdr:V23702_I1PD31451::I1PD314510738.tif/full/max/0/default.png
369a,གསུམ་བརྒྱ་ རེ་དགུ་,https://iiif.bdrc.io/bdr:V23702_I1PD31451::I1PD314510739.tif/full/max/0/default.png
369b,,https://iiif.bdrc.io/bdr:V23702_I1PD31451::I1PD314510740.tif/full/max/0/default.png
370a,གསུམ་བརྒྱ་ བདུན་བཅུ་,https://iiif.bdrc.io/bdr:V23702_I1PD31451::I1PD314510741.tif/full/max/0/default.png
370b,,https://iiif.bdrc.io/bdr:V23702_I1PD31451::I1PD314510742.tif/full/max/0/default.png
371a,གསུམ་བརྒྱ་ དོན་གཅིག་,https://iiif.bdrc.io/bdr:V23702_I1PD31451::I1PD314510743.tif/full/max/0/default.png
371b,,https://iiif.bdrc.io/bdr:V23702_I1PD31451::I1PD314510744.tif/full/max/0/default.png
372a,གསུམ་བརྒྱ་ དོན་གཉིས་,https://iiif.bdrc.io/bdr:V23702_I1PD31451::I1PD314510745.tif/full/max/0/default.png
372b,,https://iiif.bdrc.io/bdr:V23702_I1PD31451::I1PD314510746.tif/full/max/0/default.png
373a,གསུམ་བརྒྱ་ དོན་གསུམ་,https://iiif.bdrc.io/bdr:V23702_I1PD31451::I1PD314510747.tif/full/max/0/default.png
373b,,https://iiif.bdrc.io/bdr:V23702_I1PD31451::I1PD314510748.tif/full/max/0/default.png
374a,གསུམ་བརྒྱ་ དོན་བཞི་,https://iiif.bdrc.io/bdr:V23702_I1PD31451::I1PD314510749.tif/full/max/0/default.png
374b,,https://iiif.bdrc.io/bdr:V23702_I1PD31451::I1PD314510750.tif/full/max/0/default.png
375a,གསུམ་བརྒྱ་ དོན་ལྔ་,https://iiif.bdrc.io/bdr:V23702_I1PD31451::I1PD314510751.tif/full/max/0/default.png
375b,,https://iiif.bdrc.io/bdr:V23702_I1PD31451::I1PD314510752.tif/full/max/0/default.png
376a,གསུམ་བརྒྱ་ དོན་དྲུག་,https://iiif.bdrc.io/bdr:V23702_I1PD31451::I1PD314510753.tif/full/max/0/default.png
376b,,https://iiif.bdrc.io/bdr:V23702_I1PD31451::I1PD314510754.tif/full/max/0/default.png
377a,གསུམ་བརྒྱ་ དོན་བདུན་,https://iiif.bdrc.io/bdr:V23702_I1PD31451::I1PD314510755.tif/full/max/0/default.png
377b,,https://iiif.bdrc.io/bdr:V23702_I1PD31451::I1PD314510756.tif/full/max/0/default.png
378a,གསུམ་བརྒྱ་ དོན་བརྒྱད་,https://iiif.bdrc.io/bdr:V23702_I1PD31451::I1PD314510757.tif/full/max/0/default.png
378b,,https://iiif.bdrc.io/bdr:V23702_I1PD31451::I1PD314510758.tif/full/max/0/default.png
379a,གསུམ་བརྒྱ་ དོན་དགུ་,https://iiif.bdrc.io/bdr:V23702_I1PD31451::I1PD314510759.tif/full/max/0/default.png
379b,,https://iiif.bdrc.io/bdr:V23702_I1PD31451::I1PD314510760.tif/full/max/0/default.png
380a,གསུམ་བརྒྱ་ བརྒྱད་བཅུ་,https://iiif.bdrc.io/bdr:V23702_I1PD31451::I1PD314510761.tif/full/max/0/default.png
380b,,https://iiif.bdrc.io/bdr:V23702_I1PD31451::I1PD314510762.tif/full/max/0/default.png
381a,གསུམ་བརྒྱ་ གྱ་གཅིག་,https://iiif.bdrc.io/bdr:V23702_I1PD31451::I1PD314510763.tif/full/max/0/default.png
381b,,https://iiif.bdrc.io/bdr:V23702_I1PD31451::I1PD314510764.tif/full/max/0/default.png
382a,གསུམ་བརྒྱ་ གྱ་གཉིས་,https://iiif.bdrc.io/bdr:V23702_I1PD31451::I1PD314510765.tif/full/max/0/default.png
382b,,https://iiif.bdrc.io/bdr:V23702_I1PD31451::I1PD314510766.tif/full/max/0/default.png
383a,གསུམ་བརྒྱ་ གྱ་གསུམ་,https://iiif.bdrc.io/bdr:V23702_I1PD31451::I1PD314510767.tif/full/max/0/default.png
383b,,https://iiif.bdrc.io/bdr:V23702_I1PD31451::I1PD314510768.tif/full/max/0/default.png
384a,གསུམ་བརྒྱ་ གྱ་བཞི་,https://iiif.bdrc.io/bdr:V23702_I1PD31451::I1PD314510769.tif/full/max/0/default.png
384b,,https://iiif.bdrc.io/bdr:V23702_I1PD31451::I1PD314510770.tif/full/max/0/default.png
385a,གསུམ་བརྒྱ་ གྱ་ལྔ་,https://iiif.bdrc.io/bdr:V23702_I1PD31451::I1PD314510771.tif/full/max/0/default.png
385b,,https://iiif.bdrc.io/bdr:V23702_I1PD31451::I1PD314510772.tif/full/max/0/default.png
386a,གསུམ་བརྒྱ་ གྱ་དྲུག་,https://iiif.bdrc.io/bdr:V23702_I1PD31451::I1PD314510773.tif/full/max/0/default.png
386b,,https://iiif.bdrc.io/bdr:V23702_I1PD31451::I1PD314510774.tif/full/max/0/default.png
387a,གསུམ་བརྒྱ་ གྱ་བདུན་,https://iiif.bdrc.io/bdr:V23702_I1PD31451::I1PD314510775.tif/full/max/0/default.png
387b,,https://iiif.bdrc.io/bdr:V23702_I1PD31451::I1PD314510776.tif/full/max/0/default.png
388a,གསུམ་བརྒྱ་ གྱ་བརྒྱད་,https://iiif.bdrc.io/bdr:V23702_I1PD31451::I1PD314510777.tif/full/max/0/default.png
388b,,https://iiif.bdrc.io/bdr:V23702_I1PD31451::I1PD314510778.tif/full/max/0/default.png
389a,གསུམ་བརྒྱ་ གྱ་དགུ་,https://iiif.bdrc.io/bdr:V23702_I1PD31451::I1PD314510779.tif/full/max/0/default.png
389b,,https://iiif.bdrc.io/bdr:V23702_I1PD31451::I1PD314510780.tif/full/max/0/default.png
390a,གསུམ་བརྒྱ་ དགུ་བཅུ་,https://iiif.bdrc.io/bdr:V23702_I1PD31451::I1PD314510781.tif/full/max/0/default.png
390b,,https://iiif.bdrc.io/bdr:V23702_I1PD31451::I1PD314510782.tif/full/max/0/default.png
391a,གསུམ་བརྒྱ་ གོ་གཅིག་,https://iiif.bdrc.io/bdr:V23702_I1PD31451::I1PD314510783.tif/full/max/0/default.png
391b,,https://iiif.bdrc.io/bdr:V23702_I1PD31451::I1PD314510784.tif/full/max/0/default.png
392a,གསུམ་བརྒྱ་ གོ་གཉིས་,https://iiif.bdrc.io/bdr:V23702_I1PD31451::I1PD314510785.tif/full/max/0/default.png
392b,,https://iiif.bdrc.io/bdr:V23702_I1PD31451::I1PD314510786.tif/full/max/0/default.png
393a,གསུམ་བརྒྱ་ གོ་གསུམ་,https://iiif.bdrc.io/bdr:V23702_I1PD31451::I1PD314510787.tif/full/max/0/default.png
393b,,https://iiif.bdrc.io/bdr:V23702_I1PD31451::I1PD314510788.tif/full/max/0/default.png
394a,གསུམ་བརྒྱ་ གོ་བཞི་,https://iiif.bdrc.io/bdr:V23702_I1PD31451::I1PD314510789.tif/full/max/0/default.png
394b,,https://iiif.bdrc.io/bdr:V23702_I1PD31451::I1PD314510790.tif/full/max/0/default.png
395a,གསུམ་བརྒྱ་ གོ་ལྔ་,https://iiif.bdrc.io/bdr:V23702_I1PD31451::I1PD314510791.tif/full/max/0/default.png
395b,,https://iiif.bdrc.io/bdr:V23702_I1PD31451::I1PD314510792.tif/full/max/0/default.png
396a,གསུམ་བརྒྱ་ གོ་དྲུག་,https://iiif.bdrc.io/bdr:V23702_I1PD31451::I1PD314510793.tif/full/max/0/default.png
396b,,https://iiif.bdrc.io/bdr:V23702_I1PD31451::I1PD314510794.tif/full/max/0/default.png
397a,གསུམ་བརྒྱ་ གོ་བདུན་,https://iiif.bdrc.io/bdr:V23702_I1PD31451::I1PD314510795.tif/full/max/0/default.png
397b,,https://iiif.bdrc.io/bdr:V23702_I1PD31451::I1PD314510796.tif/full/max/0/default.png
398a,གསུམ་བརྒྱ་ གོ་བརྒྱད་,https://iiif.bdrc.io/bdr:V23702_I1PD31451::I1PD314510797.tif/full/max/0/default.png
398b,,https://iiif.bdrc.io/bdr:V23702_I1PD31451::I1PD314510798.tif/full/max/0/default.png
399a,གསུམ་བརྒྱ་ གོ་དགུ་,https://iiif.bdrc.io/bdr:V23702_I1PD31451::I1PD314510799.tif/full/max/0/default.png
399b,,https://iiif.bdrc.io/bdr:V23702_I1PD31451::I1PD314510800.tif/full/max/0/default.png
400a,བཞི་བརྒྱ་,https://iiif.bdrc.io/bdr:V23702_I1PD31451::I1PD314510801.tif/full/max/0/default.png
400b,,https://iiif.bdrc.io/bdr:V23702_I1PD31451::I1PD314510802.tif/full/max/0/default.png
401a,བཞི་བརྒྱ་ གཅིག་,https://iiif.bdrc.io/bdr:V23702_I1PD31451::I1PD314510803.tif/full/max/0/default.png
401b,,https://iiif.bdrc.io/bdr:V23702_I1PD31451::I1PD314510804.tif/full/max/0/default.png
402a,བཞི་བརྒྱ་ གཉིས་,https://iiif.bdrc.io/bdr:V23702_I1PD31451::I1PD314510805.tif/full/max/0/default.png
402b,,https://iiif.bdrc.io/bdr:V23702_I1PD31451::I1PD314510806.tif/full/max/0/default.png
403a,བཞི་བརྒྱ་ གསུམ་,https://iiif.bdrc.io/bdr:V23702_I1PD31451::I1PD314510807.tif/full/max/0/default.png
403b,,https://iiif.bdrc.io/bdr:V23702_I1PD31451::I1PD314510808.tif/full/max/0/default.png
404a,བཞི་བརྒྱ་ བཞི་,https://iiif.bdrc.io/bdr:V23702_I1PD31451::I1PD314510809.tif/full/max/0/default.png
404b,,https://iiif.bdrc.io/bdr:V23702_I1PD31451::I1PD314510810.tif/full/max/0/default.png
405a,བཞི་བརྒྱ་ ལྔ་,https://iiif.bdrc.io/bdr:V23702_I1PD31451::I1PD314510811.tif/full/max/0/default.png
405b,,https://iiif.bdrc.io/bdr:V23702_I1PD31451::I1PD314510812.tif/full/max/0/default.png
406a,བཞི་བརྒྱ་ དྲུག་,https://iiif.bdrc.io/bdr:V23702_I1PD31451::I1PD314510813.tif/full/max/0/default.png
406b,,https://iiif.bdrc.io/bdr:V23702_I1PD31451::I1PD314510814.tif/full/max/0/default.png