38b,,https://iiif.bdrc.io/bdr:V22704_I3365::33650080.tif/full/max/0/default.png
39a,སོ་དགུ་,https://iiif.bdrc.io/bdr:V22704_I3365::33650081.tif/full/max/0/default.png
39b,,https://iiif.bdrc.io/bdr:V22704_I3365::33650082.tif/full/max/0/default.png
40a,བཞི་བཅུ་,https://iiif.bdrc.io/bdr:V22704_I3365::33650083.tif/full/max/0/default.png
40b,,https://iiif.bdrc.io/bdr:V22704_I3365::33650084.tif/full/max/0/default.png
41a,ཞེ་གཅིག་,https://iiif.bdrc.io/bdr:V22704_I3365::33650085.tif/full/max/0/default.png
41b,,https://iiif.bdrc.io/bdr:V22704_I3365::33650086.tif/full/max/0/default.png
42a,ཞེ་གཉིས་,https://iiif.bdrc.io/bdr:V22704_I3365::33650087.tif/full/max/0/default.png
42b,,https://iiif.bdrc.io/bdr:V22704_I3365::33650088.tif/full/max/0/default.png
43a,ཞེ་གསུམ་,https://iiif.bdrc.io/bdr:V22704_I3365::33650089.tif/full/max/0/default.png
43b,,https://iiif.bdrc.io/bdr:V22704_I3365::33650090.tif/full/max/0/default.png
44a,ཞེ་བཞི་,https://iiif.bdrc.io/bdr:V22704_I3365::33650091.tif/full/max/0/default.png
44b,,https://iiif.bdrc.io/bdr:V22704_I3365::33650092.tif/full/max/0/default.png
45a,ཞེ་ལྔ་,https://iiif.bdrc.io/bdr:V22704_I3365::33650093.tif/full/max/0/default.png
45b,,https://iiif.bdrc.io/bdr:V22704_I3365::33650094.tif/full/max/0/default.png
46a,ཞེ་དྲུག་,https://iiif.bdrc.io/bdr:V22704_I3365::33650095.tif/full/max/0/default.png
46b,,https://iiif.bdrc.io/bdr:V22704_I3365::33650096.tif/full/max/0/default.png
47a,ཞེ་བདུན་,https://iiif.bdrc.io/bdr:V22704_I3365::33650097.tif/full/max/0/default.png
47b,,https://iiif.bdrc.io/bdr:V22704_I3365::33650098.tif/full/max/0/default.png
48a,ཞེ་བརྒྱད་,https://iiif.bdrc.io/bdr:V22704_I3365::33650099.tif/full/max/0/default.png
48b,,https://iiif.bdrc.io/bdr:V22704_I3365::33650100.tif/full/max/0/default.png
49a,ཞེ་དགུ་,https://iiif.bdrc.io/bdr:V22704_I3365::33650101.tif/full/max/0/default.png
49b,,https://iiif.bdrc.io/bdr:V22704_I3365::33650102.tif/full/max/0/default.png
50a,ལྔ་བཅུ་,https://iiif.bdrc.io/bdr:V22704_I3365::33650103.tif/full/max/0/default.png
50b,,https://iiif.bdrc.io/bdr:V22704_I3365::33650104.tif/full/max/0/default.png
51a,ང་གཅིག་,https://iiif.bdrc.io/bdr:V22704_I3365::33650105.tif/full/max/0/default.png
51b,,https://iiif.bdrc.io/bdr:V22704_I3365::33650106.tif/full/max/0/default.png
52a,ང་གཉིས་,https://iiif.bdrc.io/bdr:V22704_I3365::33650107.tif/full/max/0/default.png
52b,,https://iiif.bdrc.io/bdr:V22704_I3365::33650108.tif/full/max/0/default.png
53a,ང་གསུམ་,https://iiif.bdrc.io/bdr:V22704_I3365::33650109.tif/full/max/0/default.png
53b,,https://iiif.bdrc.io/bdr:V22704_I3365::33650110.tif/full/max/0/default.png
54a,ང་བཞི་,https://iiif.bdrc.io/bdr:V22704_I3365::33650111.tif/full/max/0/default.png
54b,,https://iiif.bdrc.io/bdr:V22704_I3365::33650112.tif/full/max/0/default.png
55a,ང་ལྔ་,https://iiif.bdrc.io/bdr:V22704_I3365::33650113.tif/full/max/0/default.png
55b,,https://iiif.bdrc.io/bdr:V22704_I3365::33650114.tif/full/max/0/default.png
56a,ང་དྲུག་,https://iiif.bdrc.io/bdr:V22704_I3365::33650115.tif/full/max/0/default.png
56b,,https://iiif.bdrc.io/bdr:V22704_I3365::33650116.tif/full/max/0/default.png
57a,ང་བདུན་,https://iiif.bdrc.io/bdr:V22704_I3365::33650117.tif/full/max/0/default.png
57b,,https://iiif.bdrc.io/bdr:V22704_I3365::33650118.tif/full/max/0/default.png
58a,ང་བརྒྱད་,https://iiif.bdrc.io/bdr:V22704_I3365::33650119.tif/full/max/0/default.png
58b,,https://iiif.bdrc.io/bdr:V22704_I3365::33650120.tif/full/max/0/default.png
59a,ང་དགུ་,https://iiif.bdrc.io/bdr:V22704_I3365::33650121.tif/full/max/0/default.png
59b,,https://iiif.bdrc.io/bdr:V22704_I3365::33650122.tif/full/max/0/default.png
60a,དྲུག་བཅུ་,https://iiif.bdrc.io/bdr:V22704_I3365::33650123.tif/full/max/0/default.png
60b,,https://iiif.bdrc.io/bdr:V22704_I3365::33650124.tif/full/max/0/default.png
61a,རེ་གཅིག་,https://iiif.bdrc.io/bdr:V22704_I3365::33650125.tif/full/max/0/default.png
61b,,https://iiif.bdrc.io/bdr:V22704_I3365::33650126.tif/full/max/0/default.png
62a,རེ་གཉིས་,https://iiif.bdrc.io/bdr:V22704_I3365::33650127.tif/full/max/0/default.png
62b,,https://iiif.bdrc.io/bdr:V22704_I3365::33650128.tif/full/max/0/default.png
63a,རེ་གསུམ་,https://iiif.bdrc.io/bdr:V22704_I3365::33650129.tif/full/max/0/default.png
63b,,https://iiif.bdrc.io/bdr:V22704_I3365::33650130.tif/full/max/0/default.png
64a,རེ་བཞི་,https://iiif.bdrc.io/bdr:V22704_I3365::33650131.tif/full/max/0/default.png
64b,,https://iiif.bdrc.io/bdr:V22704_I3365::33650132.tif/full/max/0/default.png
65a,རེ་ལྔ་,https://iiif.bdrc.io/bdr:V22704_I3365::33650133.tif/full/max/0/default.png
65b,,https://iiif.bdrc.io/bdr:V22704_I3365::33650134.tif/full/max/0/default.png
66a,རེ་དྲུག་,https://iiif.bdrc.io/bdr:V22704_I3365::33650135.tif/full/max/0/default.png
66b,,https://iiif.bdrc.io/bdr:V22704_I3365::33650136.tif/full/max/0/default.png
67a,རེ་བདུན་,https://iiif.bdrc.io/bdr:V22704_I3365::33650137.tif/full/max/0/default.png
67b,,https://iiif.bdrc.io/bdr:V22704_I3365::33650138.tif/full/max/0/default.png
68a,རེ་བརྒྱད་,https://iiif.bdrc.io/bdr:V22704_I3365::33650139.tif/full/max/0/default.png
68b,,https://iiif.bdrc.io/bdr:V22704_I3365::33650140.tif/full/max/0/default.png
69a,རེ་དགུ་,https://iiif.bdrc.io/bdr:V22704_I3365::33650141.tif/full/max/0/default.png
69b,,https://iiif.bdrc.io/bdr:V22704_I3365::33650142.tif/full/max/0/default.png
70a,བདུན་བཅུ་,https://iiif.bdrc.io/bdr:V22704_I3365::33650143.tif/full/max/0/default.png
70b,,https://iiif.bdrc.io/bdr:V22704_I3365::33650144.tif/full/max/0/default.png
71a,དོན་གཅིག་,https://iiif.bdrc.io/bdr:V22704_I3365::33650145.tif/full/max/0/default.png
71b,,https://iiif.bdrc.io/bdr:V22704_I3365::33650146.tif/full/max/0/default.png
72a,དོན་གཉིས་,https://iiif.bdrc.io/bdr:V22704_I3365::33650147.tif/full/max/0/default.png
72b,,https://iiif.bdrc.io/bdr:V22704_I3365::33650148.tif/full/max/0/default.png
73a,དོན་གསུམ་,https://iiif.bdrc.io/bdr:V22704_I3365::33650149.tif/full/max/0/default.png
73b,,https://iiif.bdrc.io/bdr:V22704_I3365::33650150.tif/full/max/0/default.png
74a,དོན་བཞི་,https://iiif.bdrc.io/bdr:V22704_I3365::33650151.tif/full/max/0/default.png
74b,,https://iiif.bdrc.io/bdr:V22704_I3365::33650152.tif/full/max/0/default.png
75a,དོན་ལྔ་,https://iiif.bdrc.io/bdr:V22704_I3365::33650153.tif/full/max/0/default.png
75b,,https://iiif.bdrc.io/bdr:V22704_I3365::33650154.tif/full/max/0/default.png
76a,དོན་དྲུག་,https://iiif.bdrc.io/bdr:V22704_I3365::33650155.tif/full/max/0/default.png
76b,,https://iiif.bdrc.io/bdr:V22704_I3365::33650156.tif/full/max/0/default.png
77a,དོན་བདུན་,https://iiif.bdrc.io/bdr:V22704_I3365::33650157.tif/full/max/0/default.png
77b,,https://iiif.bdrc.io/bdr:V22704_I3365::33650158.tif/full/max/0/default.png
78a,དོན་བརྒྱད་,https://iiif.bdrc.io/bdr:V22704_I3365::33650159.tif/full/max/0/default.png
78b,,https://iiif.bdrc.io/bdr:V22704_I3365::33650160.tif/full/max/0/default.png
79a,དོན་དགུ་,https://iiif.bdrc.io/bdr:V22704_I3365::33650161.tif/full/max/0/default.png
79b,,https://iiif.bdrc.io/bdr:V22704_I3365::33650162.tif/full/max/0/default.png
80a,བརྒྱད་བཅུ་,https://iiif.bdrc.io/bdr:V22704_I3365::33650163.tif/full/max/0/default.png
80b,,https://iiif.bdrc.io/bdr:V22704_I3365::33650164.tif/full/max/0/default.png
81a,གྱ་གཅིག་,https://iiif.bdrc.io/bdr:V22704_I3365::33650165.tif/full/max/0/default.png
81b,,https://iiif.bdrc.io/bdr:V22704_I3365::33650166.tif/full/max/0/default.png
82a,གྱ་གཉིས་,https://iiif.bdrc.io/bdr:V22704_I3365::33650167.tif/full/max/0/default.png
82b,,https://iiif.bdrc.io/bdr:V22704_I3365::33650168.tif/full/max/0/default.png
83a,གྱ་གསུམ་,https://iiif.bdrc.io/bdr:V22704_I3365::33650169.tif/full/max/0/default.png
83b,,https://iiif.bdrc.io/bdr:V22704_I3365::33650170.tif/full/max/0/default.png
84a,གྱ་བཞི་,https://iiif.bdrc.io/bdr:V22704_I3365::33650171.tif/full/max/0/default.png
84b,,https://iiif.bdrc.io/bdr:V22704_I3365::33650172.tif/full/max/0/default.png
85a,གྱ་ལྔ་,https://iiif.bdrc.io/bdr:V22704_I3365::33650173.tif/full/max/0/default.png
85b,,https://iiif.bdrc.io/bdr:V22704_I3365::33650174.tif/full/max/0/default.png
86a,གྱ་དྲུག་,https://iiif.bdrc.io/bdr:V22704_I3365::33650175.tif/full/max/0/default.png
86b,,https://iiif.bdrc.io/bdr:V22704_I3365::33650176.tif/full/max/0/default.png
87a,གྱ་བདུན་,https://iiif.bdrc.io/bdr:V22704_I3365::33650177.tif/full/max/0/default.png
87b,,https://iiif.bdrc.io/bdr:V22704_I3365::33650178.tif/full/max/0/default.png
88a,གྱ་བརྒྱད་,https://iiif.bdrc.io/bdr:V22704_I3365::33650179.tif/full/max/0/default.png
88b,,https://iiif.bdrc.io/bdr:V22704_I3365::33650180.tif/full/max/0/default.png
89a,གྱ་དགུ་,https://iiif.bdrc.io/bdr:V22704_I3365::33650181.tif/full/max/0/default.png
89b,,https://iiif.bdrc.io/bdr:V22704_I3365::33650182.tif/full/max/0/default.png
90a,དགུ་བཅུ་,https://iiif.bdrc.io/bdr:V22704_I3365::33650183.tif/full/max/0/default.png
90b,,https://iiif.bdrc.io/bdr:V22704_I3365::33650184.tif/full/max/0/default.png
91a,གོ་གཅིག་,https://iiif.bdrc.io/bdr:V22704_I3365::33650185.tif/full/max/0/default.png
91b,,https://iiif.bdrc.io/bdr:V22704_I3365::33650186.tif/full/max/0/default.png
92a,གོ་གཉིས་,https://iiif.bdrc.io/bdr:V22704_I3365::33650187.tif/full/max/0/default.png
92b,,https://iiif.bdrc.io/bdr:V22704_I3365::33650188.tif/full/max/0/default.png
93a,གོ་གསུམ་,https://iiif.bdrc.io/bdr:V22704_I3365::33650189.tif/full/max/0/default.png
93b,,https://iiif.bdrc.io/bdr:V22704_I3365::33650190.tif/full/max/0/default.png
94a,གོ་བཞི་,https://iiif.bdrc.io/bdr:V22704_I3365::33650191.tif/full/max/0/default.png
94b,,https://iiif.bdrc.io/bdr:V22704_I3365::33650192.tif/full/max/0/default.png
95a,གོ་ལྔ་,https://iiif.bdrc.io/bdr:V22704_I3365::33650193.tif/full/max/0/default.png
95b,,https://iiif.bdrc.io/bdr:V22704_I3365::33650194.tif/full/max/0/default.png
96a,གོ་དྲུག་,https://iiif.bdrc.io/bdr:V22704_I3365::33650195.tif/full/max/0/default.png
96b,,https://iiif.bdrc.io/bdr:V22704_I3365::33650196.tif/full/max/0/default.png
97a,གོ་བདུན་,https://iiif.bdrc.io/bdr:V22704_I3365::33650197.tif/full/max/0/default.png
97b,,https://iiif.bdrc.io/bdr:V22704_I3365::33650198.tif/full/max/0/default.png
98a,གོ་བརྒྱད་,https://iiif.bdrc.io/bdr:V22704_I3365::33650199.tif/full/max/0/default.png
98b,,https://iiif.bdrc.io/bdr:V22704_I3365::33650200.tif/full/max/0/default.png
99a,གོ་དགུ་,https://iiif.bdrc.io/bdr:V22704_I3365::33650201.tif/full/max/0/default.png
99b,,https://iiif.bdrc.io/bdr:V22704_I3365::33650202.tif/full/max/0/default.png
100a,བརྒྱ་,https://iiif.bdrc.io/bdr:V22704_I3365::33650203.tif/full/max/0/default.png
100b,,https://iiif.bdrc.io/bdr:V22704_I3365::33650204.tif/full/max/0/default.png
101a,བརྒྱ་ གཅིག་,https://iiif.bdrc.io/bdr:V22704_I3365::33650205.tif/full/max/0/default.png
101b,,https://iiif.bdrc.io/bdr:V22704_I3365::33650206.tif/full/max/0/default.png
102a,བརྒྱ་ གཉིས་,https://iiif.bdrc.io/bdr:V22704_I3365::33650207.tif/full/max/0/default.png
102b,,https://iiif.bdrc.io/bdr:V22704_I3365::33650208.tif/full/max/0/default.png
103a,བརྒྱ་ གསུམ་,https://iiif.bdrc.io/bdr:V22704_I3365::33650209.tif/full/max/0/default.png
103b,,https://iiif.bdrc.io/bdr:V22704_I3365::33650210.tif/full/max/0/default.png
104a,བརྒྱ་ བཞི་,https://iiif.bdrc.io/bdr:V22704_I3365::33650211.tif/full/max/0/default.png
104b,,https://iiif.bdrc.io/bdr:V22704_I3365::33650212.tif/full/max/0/default.png
105a,བརྒྱ་ ལྔ་,https://iiif.bdrc.io/bdr:V22704_I3365::33650213.tif/full/max/0/default.png
105b,,https://iiif.bdrc.io/bdr:V22704_I3365::33650214.tif/full/max/0/default.png
106a,བརྒྱ་ དྲུག་,https://iiif.bdrc.io/bdr:V22704_I3365::33650215.tif/full/max/0/default.png
106b,,https://iiif.bdrc.io/bdr:V22704_I3365::33650216.tif/full/max/0/default.png
107a,བརྒྱ་ བདུན་,https://iiif.bdrc.io/bdr:V22704_I3365::33650217.tif/full/max/0/default.png
107b,,https://iiif.bdrc.io/bdr:V22704_I3365::33650218.tif/full/max/0/default.png
108a,བརྒྱ་ བརྒྱད་,https://iiif.bdrc.io/bdr:V22704_I3365::33650219.tif/full/max/0/default.png
108b,,https://iiif.bdrc.io/bdr:V22704_I3365::33650220.tif/full/max/0/default.png
109a,བརྒྱ་ དགུ་,https://iiif.bdrc.io/bdr:V22704_I3365::33650221.tif/full/max/0/default.png
109b,,https://iiif.bdrc.io/bdr:V22704_I3365::33650222.tif/full/max/0/default.png
110a,བརྒྱ་ བཅུ་,https://iiif.bdrc.io/bdr:V22704_I3365::33650223.tif/full/max/0/default.png
110b,,https://iiif.bdrc.io/bdr:V22704_I3365::33650224.tif/full/max/0/default.png
111a,བརྒྱ་ བཅུ་གཅིག་,https://iiif.bdrc.io/bdr:V22704_I3365::33650225.tif/full/max/0/default.png
111b,,https://iiif.bdrc.io/bdr:V22704_I3365::33650226.tif/full/max/0/default.png
112a,བརྒྱ་ བཅུ་གཉིས་,https://iiif.bdrc.io/bdr:V22704_I3365::33650227.tif/full/max/0/default.png
112b,,https://iiif.bdrc.io/bdr:V22704_I3365::33650228.tif/full/max/0/default.png
113a,བརྒྱ་ བཅུ་གསུམ་,https://iiif.bdrc.io/bdr:V22704_I3365::33650229.tif/full/max/0/default.png
113b,,https://iiif.bdrc.io/bdr:V22704_I3365::33650230.tif/full/max/0/default.png
114a,བརྒྱ་ བཅུ་བཞི་,https://iiif.bdrc.io/bdr:V22704_I3365::33650231.tif/full/max/0/default.png
114b,,https://iiif.bdrc.io/bdr:V22704_I3365::33650232.tif/full/max/0/default.png
115a,བརྒྱ་ བཅོ་ལྔ་,https://iiif.bdrc.io/bdr:V22704_I3365::33650233.tif/full/max/0/default.png
115b,,https://iiif.bdrc.io/bdr:V22704_I3365::33650234.tif/full/max/0/default.png
116a,བརྒྱ་ བཅུ་དྲུག་,https://iiif.bdrc.io/bdr:V22704_I3365::33650235.tif/full/max/0/default.png
116b,,https://iiif.bdrc.io/bdr:V22704_I3365::33650236.tif/full/max/0/default.png
117a,བརྒྱ་ བཅུ་བདུན་,https://iiif.bdrc.io/bdr:V22704_I3365::33650237.tif/full/max/0/default.png
117b,,https://iiif.bdrc.io/bdr:V22704_I3365::33650238.tif/full/max/0/default.png
118a,བརྒྱ་ བཅོ་བརྒྱད་,https://iiif.bdrc.io/bdr:V22704_I3365::33650239.tif/full/max/0/default.png
118b,,https://iiif.bdrc.io/bdr:V22704_I3365::33650240.tif/full/max/0/default.png
119a,བརྒྱ་ བཅུ་དགུ་,https://iiif.bdrc.io/bdr:V22704_I3365::33650241.tif/full/max/0/default.png
119b,,https://iiif.bdrc.io/bdr:V22704_I3365::33650242.tif/full/max/0/default.png
120a,བརྒྱ་ ཉི་ཤུ,https://iiif.bdrc.io/bdr:V22704_I3365::33650243.tif/full/max/0/default.png
120b,,https://iiif.bdrc.io/bdr:V22704_I3365::33650244.tif/full/max/0/default.png
121a,བརྒྱ་ ཉེར་གཅིག་,https://iiif.bdrc.io/bdr:V22704_I3365::33650245.tif/full/max/0/default.png
121b,,https://iiif.bdrc.io/bdr:V22704_I3365::33650246.tif/full/max/0/default.png
122a,བརྒྱ་ ཉེར་གཉིས་,https://iiif.bdrc.io/bdr:V22704_I3365::33650247.tif/full/max/0/default.png
122b,,https://iiif.bdrc.io/bdr:V22704_I3365::33650248.tif/full/max/0/default.png
123a,བརྒྱ་ ཉེར་གསུམ་,https://iiif.bdrc.io/bdr:V22704_I3365::33650249.tif/full/max/0/default.png
123b,,https://iiif.bdrc.io/bdr:V22704_I3365::33650250.tif/full/max/0/default.png
124a,བརྒྱ་ ཉེར་བཞི་,https://iiif.bdrc.io/bdr:V22704_I3365::33650251.tif/full/max/0/default.png
124b,,https://iiif.bdrc.io/bdr:V22704_I3365::33650252.tif/full/max/0/default.png
125a,བརྒྱ་ ཉེར་ལྔ་,https://iiif.bdrc.io/bdr:V22704_I3365::33650253.tif/full/max/0/default.png
125b,,https://iiif.bdrc.io/bdr:V22704_I3365::33650254.tif/full/max/0/default.png
126a,བརྒྱ་ ཉེར་དྲུག་,https://iiif.bdrc.io/bdr:V22704_I3365::33650255.tif/full/max/0/default.png
126b,,https://iiif.bdrc.io/bdr:V22704_I3365::33650256.tif/full/max/0/default.png
127a,བརྒྱ་ ཉེར་བདུན་,https://iiif.bdrc.io/bdr:V22704_I3365::33650257.tif/full/max/0/default.png
127b,,https://iiif.bdrc.io/bdr:V22704_I3365::33650258.tif/full/max/0/default.png
128a,བརྒྱ་ ཉེར་བརྒྱད་,https://iiif.bdrc.io/bdr:V22704_I3365::33650259.tif/full/max/0/default.png
128b,,https://iiif.bdrc.io/bdr:V22704_I3365::33650260.tif/full/max/0/default.png
129a,བརྒྱ་ ཉེར་དགུ་,https://iiif.bdrc.io/bdr:V22704_I3365::33650261.tif/full/max/0/default.png
129b,,https://iiif.bdrc.io/bdr:V22704_I3365::33650262.tif/full/max/0/default.png
130a,བརྒྱ་ སུམ་བཅུ་,https://iiif.bdrc.io/bdr:V22704_I3365::33650263.tif/full/max/0/default.png
130b,,https://iiif.bdrc.io/bdr:V22704_I3365::33650264.tif/full/max/0/default.png
131a,བརྒྱ་ སོ་གཅིག་,https://iiif.bdrc.io/bdr:V22704_I3365::33650265.tif/full/max/0/default.png
131b,,https://iiif.bdrc.io/bdr:V22704_I3365::33650266.tif/full/max/0/default.png
132a,བརྒྱ་ སོ་གཉིས་,https://iiif.bdrc.io/bdr:V22704_I3365::33650267.tif/full/max/0/default.png
132b,,https://iiif.bdrc.io/bdr:V22704_I3365::33650268.tif/full/max/0/default.png
133a,བརྒྱ་ སོ་གསུམ་,https://iiif.bdrc.io/bdr:V22704_I3365::33650269.tif/full/max/0/default.png
133b,,https://iiif.bdrc.io/bdr:V22704_I3365::33650270.tif/full/max/0/default.png
134a,བརྒྱ་ སོ་བཞི་,https://iiif.bdrc.io/bdr:V22704_I3365::33650271.tif/full/max/0/default.png
134b,,https://iiif.bdrc.io/bdr:V22704_I3365::33650272.tif/full/max/0/default.png
135a,བརྒྱ་ སོ་ལྔ་,https://iiif.bdrc.io/bdr:V22704_I3365::33650273.tif/full/max/0/default.png
135b,,https://iiif.bdrc.io/bdr:V22704_I3365::33650274.tif/full/max/0/default.png
136a,བརྒྱ་ སོ་དྲུག་,https://iiif.bdrc.io/bdr:V22704_I3365::33650275.tif/full/max/0/default.png
136b,,https://iiif.bdrc.io/bdr:V22704_I3365::33650276.tif/full/max/0/default.png
137a,བརྒྱ་ སོ་བདུན་,https://iiif.bdrc.io/bdr:V22704_I3365::33650277.tif/full/max/0/default.png
137b,,https://iiif.bdrc.io/bdr:V22704_I3365::33650278.tif/full/max/0/default.png
138a,བརྒྱ་ སོ་བརྒྱད་,https://iiif.bdrc.io/bdr:V22704_I3365::33650279.tif/full/max/0/default.png
138b,,https://iiif.bdrc.io/bdr:V22704_I3365::33650280.tif/full/max/0/default.png
139a,བརྒྱ་ སོ་དགུ་,https://iiif.bdrc.io/bdr:V22704_I3365::33650281.tif/full/max/0/default.png
139b,,https://iiif.bdrc.io/bdr:V22704_I3365::33650282.tif/full/max/0/default.png
140a,བརྒྱ་ བཞི་བཅུ་,https://iiif.bdrc.io/bdr:V22704_I3365::33650283.tif/full/max/0/default.png
140b,,https://iiif.bdrc.io/bdr:V22704_I3365::33650284.tif/full/max/0/default.png
141a,བརྒྱ་ ཞེ་གཅིག་,https://iiif.bdrc.io/bdr:V22704_I3365::33650285.tif/full/max/0/default.png
141b,,https://iiif.bdrc.io/bdr:V22704_I3365::33650286.tif/full/max/0/default.png
142a,བརྒྱ་ ཞེ་གཉིས་,https://iiif.bdrc.io/bdr:V22704_I3365::33650287.tif/full/max/0/default.png
142b,,https://iiif.bdrc.io/bdr:V22704_I3365::33650288.tif/full/max/0/default.png
143a,བརྒྱ་ ཞེ་གསུམ་,https://iiif.bdrc.io/bdr:V22704_I3365::33650289.tif/full/max/0/default.png
143b,,https://iiif.bdrc.io/bdr:V22704_I3365::33650290.tif/full/max/0/default.png
144a,བརྒྱ་ ཞེ་བཞི་,https://iiif.bdrc.io/bdr:V22704_I3365::33650291.tif/full/max/0/default.png
144b,,https://iiif.bdrc.io/bdr:V22704_I3365::33650292.tif/full/max/0/default.png
145a,བརྒྱ་ ཞེ་ལྔ་,https://iiif.bdrc.io/bdr:V22704_I3365::33650293.tif/full/max/0/default.png
145b,,https://iiif.bdrc.io/bdr:V22704_I3365::33650294.tif/full/max/0/default.png
146a,བརྒྱ་ ཞེ་དྲུག་,https://iiif.bdrc.io/bdr:V22704_I3365::33650295.tif/full/max/0/default.png
146b,,https://iiif.bdrc.io/bdr:V22704_I3365::33650296.tif/full/max/0/default.png
147a,བརྒྱ་ ཞེ་བདུན་,https://iiif.bdrc.io/bdr:V22704_I3365::33650297.tif/full/max/0/default.png
147b,,https://iiif.bdrc.io/bdr:V22704_I3365::33650298.tif/full/max/0/default.png
148a,བརྒྱ་ ཞེ་བརྒྱད་,https://iiif.bdrc.io/bdr:V22704_I3365::33650299.tif/full/max/0/default.png
148b,,https://iiif.bdrc.io/bdr:V22704_I3365::33650300.tif/full/max/0/default.png
149a,བརྒྱ་ ཞེ་དགུ་,https://iiif.bdrc.io/bdr:V22704_I3365::33650301.tif/full/max/0/default.png
149b,,https://iiif.bdrc.io/bdr:V22704_I3365::33650302.tif/full/max/0/default.png
150a,བརྒྱ་ ལྔ་བཅུ་,https://iiif.bdrc.io/bdr:V22704_I3365::33650303.tif/full/max/0/default.png
150b,,https://iiif.bdrc.io/bdr:V22704_I3365::33650304.tif/full/max/0/default.png
151a,བརྒྱ་ ང་གཅིག་,https://iiif.bdrc.io/bdr:V22704_I3365::33650305.tif/full/max/0/default.png
151b,,https://iiif.bdrc.io/bdr:V22704_I3365::33650306.tif/full/max/0/default.png
152a,བརྒྱ་ ང་གཉིས་,https://iiif.bdrc.io/bdr:V22704_I3365::33650307.tif/full/max/0/default.png
152b,,https://iiif.bdrc.io/bdr:V22704_I3365::33650308.tif/full/max/0/default.png
153a,བརྒྱ་ ང་གསུམ་,https://iiif.bdrc.io/bdr:V22704_I3365::33650309.tif/full/max/0/default.png
153b,,https://iiif.bdrc.io/bdr:V22704_I3365::33650310.tif/full/max/0/default.png
154a,བརྒྱ་ ང་བཞི་,https://iiif.bdrc.io/bdr:V22704_I3365::33650311.tif/full/max/0/default.png
154b,,https://iiif.bdrc.io/bdr:V22704_I3365::33650312.tif/full/max/0/default.png
155a,བརྒྱ་ ང་ལྔ་,https://iiif.bdrc.io/bdr:V22704_I3365::33650313.tif/full/max/0/default.png
155b,,https://iiif.bdrc.io/bdr:V22704_I3365::33650314.tif/full/max/0/default.png
156a,བརྒྱ་ ང་དྲུག་,https://iiif.bdrc.io/bdr:V22704_I3365::33650315.tif/full/max/0/default.png
156b,,https://iiif.bdrc.io/bdr:V22704_I3365::33650316.tif/full/max/0/default.png
157a,བརྒྱ་ ང་བདུན་,https://iiif.bdrc.io/bdr:V22704_I3365::33650317.tif/full/max/0/default.png
157b,,https://iiif.bdrc.io/bdr:V22704_I3365::33650318.tif/full/max/0/default.png
158a,བརྒྱ་ ང་བརྒྱད་,https://iiif.bdrc.io/bdr:V22704_I3365::33650319.tif/full/max/0/default.png
158b,,https://iiif.bdrc.io/bdr:V22704_I3365::33650320.tif/full/max/0/default.png
159a,བརྒྱ་ ང་དགུ་,https://iiif.bdrc.io/bdr:V22704_I3365::33650321.tif/full/max/0/default.png
159b,,https://iiif.bdrc.io/bdr:V22704_I3365::33650322.tif/full/max/0/default.png
160a,བརྒྱ་ དྲུག་བཅུ་,https://iiif.bdrc.io/bdr:V22704_I3365::33650323.tif/full/max/0/default.png
160b,,https://iiif.bdrc.io/bdr:V22704_I3365::33650324.tif/full/max/0/default.png
161a,བརྒྱ་ རེ་གཅིག་,https://iiif.bdrc.io/bdr:V22704_I3365::33650325.tif/full/max/0/default.png
161b,,https://iiif.bdrc.io/bdr:V22704_I3365::33650326.tif/full/max/0/default.png
162a,བརྒྱ་ རེ་གཉིས་,https://iiif.bdrc.io/bdr:V22704_I3365::33650327.tif/full/max/0/default.png
162b,,https://iiif.bdrc.io/bdr:V22704_I3365::33650328.tif/full/max/0/default.png
163a,བརྒྱ་ རེ་གསུམ་,https://iiif.bdrc.io/bdr:V22704_I3365::33650329.tif/full/max/0/default.png
163b,,https://iiif.bdrc.io/bdr:V22704_I3365::33650330.tif/full/max/0/default.png
164a,བརྒྱ་ རེ་བཞི་,https://iiif.bdrc.io/bdr:V22704_I3365::33650331.tif/full/max/0/default.png
164b,,https://iiif.bdrc.io/bdr:V22704_I3365::33650332.tif/full/max/0/default.png
165a,བརྒྱ་ རེ་ལྔ་,https://iiif.bdrc.io/bdr:V22704_I3365::33650333.tif/full/max/0/default.png
165b,,https://iiif.bdrc.io/bdr:V22704_I3365::33650334.tif/full/max/0/default.png
166a,བརྒྱ་ རེ་དྲུག་,https://iiif.bdrc.io/bdr:V22704_I3365::33650335.tif/full/max/0/default.png
166b,,https://iiif.bdrc.io/bdr:V22704_I3365::33650336.tif/full/max/0/default.png
167a,བརྒྱ་ རེ་བདུན་,https://iiif.bdrc.io/bdr:V22704_I3365::33650337.tif/full/max/0/default.png
167b,,https://iiif.bdrc.io/bdr:V22704_I3365::33650338.tif/full/max/0/default.png
168a,བརྒྱ་ རེ་བརྒྱད་,https://iiif.bdrc.io/bdr:V22704_I3365::33650339.tif/full/max/0/default.png
168b,,https://iiif.bdrc.io/bdr:V22704_I3365::33650340.tif/full/max/0/default.png
169a,བརྒྱ་ རེ་དགུ་,https://iiif.bdrc.io/bdr:V22704_I3365::33650341.tif/full/max/0/default.png
169b,,https://iiif.bdrc.io/bdr:V22704_I3365::33650342.tif/full/max/0/default.png
170a,བརྒྱ་ བདུན་བཅུ་,https://iiif.bdrc.io/bdr:V22704_I3365::33650343.tif/full/max/0/default.png
170b,,https://iiif.bdrc.io/bdr:V22704_I3365::33650344.tif/full/max/0/default.png
171a,བརྒྱ་ དོན་གཅིག་,https://iiif.bdrc.io/bdr:V22704_I3365::33650345.tif/full/max/0/default.png
171b,,https://iiif.bdrc.io/bdr:V22704_I3365::33650346.tif/full/max/0/default.png
172a,བརྒྱ་ དོན་གཉིས་,https://iiif.bdrc.io/bdr:V22704_I3365::33650347.tif/full/max/0/default.png
172b,,https://iiif.bdrc.io/bdr:V22704_I3365::33650348.tif/full/max/0/default.png
173a,བརྒྱ་ དོན་གསུམ་,https://iiif.bdrc.io/bdr:V22704_I3365::33650349.tif/full/max/0/default.png
173b,,https://iiif.bdrc.io/bdr:V22704_I3365::33650350.tif/full/max/0/default.png
174a,བརྒྱ་ དོན་བཞི་,https://iiif.bdrc.io/bdr:V22704_I3365::33650351.tif/full/max/0/default.png
174b,,https://iiif.bdrc.io/bdr:V22704_I3365::33650352.tif/full/max/0/default.png
175a,བརྒྱ་ དོན་ལྔ་,https://iiif.bdrc.io/bdr:V22704_I3365::33650353.tif/full/max/0/default.png
175b,,https://iiif.bdrc.io/bdr:V22704_I3365::33650354.tif/full/max/0/default.png
176a,བརྒྱ་ དོན་དྲུག་,https://iiif.bdrc.io/bdr:V22704_I3365::33650355.tif/full/max/0/default.png
176b,,https://iiif.bdrc.io/bdr:V22704_I3365::33650356.tif/full/max/0/default.png
177a,བརྒྱ་ དོན་བདུན་,https://iiif.bdrc.io/bdr:V22704_I3365::33650357.tif/full/max/0/default.png
177b,,https://iiif.bdrc.io/bdr:V22704_I3365::33650358.tif/full/max/0/default.png
178a,བརྒྱ་ དོན་བརྒྱད་,https://iiif.bdrc.io/bdr:V22704_I3365::33650359.tif/full/max/0/default.png
178b,,https://iiif.bdrc.io/bdr:V22704_I3365::33650360.tif/full/max/0/default.png
179a,བརྒྱ་ དོན་དགུ་,https://iiif.bdrc.io/bdr:V22704_I3365::33650361.tif/full/max/0/default.png
179b,,https://iiif.bdrc.io/bdr:V22704_I3365::33650362.tif/full/max/0/default.png
180a,བརྒྱ་ བརྒྱད་བཅུ་,https://iiif.bdrc.io/bdr:V22704_I3365::33650363.tif/full/max/0/default.png
180b,,https://iiif.bdrc.io/bdr:V22704_I3365::33650364.tif/full/max/0/default.png
181a,བརྒྱ་ གྱ་གཅིག་,https://iiif.bdrc.io/bdr:V22704_I3365::33650365.tif/full/max/0/default.png
181b,,https://iiif.bdrc.io/bdr:V22704_I3365::33650366.tif/full/max/0/default.png
182a,བརྒྱ་ གྱ་གཉིས་,https://iiif.bdrc.io/bdr:V22704_I3365::33650367.tif/full/max/0/default.png
182b,,https://iiif.bdrc.io/bdr:V22704_I3365::33650368.tif/full/max/0/default.png
183a,བརྒྱ་ གྱ་གསུམ་,https://iiif.bdrc.io/bdr:V22704_I3365::33650369.tif/full/max/0/default.png
183b,,https://iiif.bdrc.io/bdr:V22704_I3365::33650370.tif/full/max/0/default.png
184a,བརྒྱ་ གྱ་བཞི་,https://iiif.bdrc.io/bdr:V22704_I3365::33650371.tif/full/max/0/default.png
184b,,https://iiif.bdrc.io/bdr:V22704_I3365::33650372.tif/full/max/0/default.png
185a,བརྒྱ་ གྱ་ལྔ་,https://iiif.bdrc.io/bdr:V22704_I3365::33650373.tif/full/max/0/default.png
185b,,https://iiif.bdrc.io/bdr:V22704_I3365::33650374.tif/full/max/0/default.png
186a,བརྒྱ་ གྱ་དྲུག་,https://iiif.bdrc.io/bdr:V22704_I3365::33650375.tif/full/max/0/default.png
186b,,https://iiif.bdrc.io/bdr:V22704_I3365::33650376.tif/full/max/0/default.png
187a,བརྒྱ་ གྱ་བདུན་,https://iiif.bdrc.io/bdr:V22704_I3365::33650377.tif/full/max/0/default.png
187b,,https://iiif.bdrc.io/bdr:V22704_I3365::33650378.tif/full/max/0/default.png
188a,བརྒྱ་ གྱ་བརྒྱད་,https://iiif.bdrc.io/bdr:V22704_I3365::33650379.tif/full/max/0/default.png
188b,,https://iiif.bdrc.io/bdr:V22704_I3365::33650380.tif/full/max/0/default.png
189a,བརྒྱ་ གྱ་དགུ་,https://iiif.bdrc.io/bdr:V22704_I3365::33650381.tif/full/max/0/default.png
189b,,https://iiif.bdrc.io/bdr:V22704_I3365::33650382.tif/full/max/0/default.png
190a,བརྒྱ་ དགུ་བཅུ་,https://iiif.bdrc.io/bdr:V22704_I3365::33650383.tif/full/max/0/default.png
190b,,https://iiif.bdrc.io/bdr:V22704_I3365::33650384.tif/full/max/0/default.png
191a,བརྒྱ་ གོ་གཅིག་,https://iiif.bdrc.io/bdr:V22704_I3365::33650385.tif/full/max/0/default.png
191b,,https://iiif.bdrc.io/bdr:V22704_I3365::33650386.tif/full/max/0/default.png
192a,བརྒྱ་ གོ་གཉིས་,https://iiif.bdrc.io/bdr:V22704_I3365::33650387.tif/full/max/0/default.png
192b,,https://iiif.bdrc.io/bdr:V22704_I3365::33650388.tif/full/max/0/default.png
193a,བརྒྱ་ གོ་གསུམ་,https://iiif.bdrc.io/bdr:V22704_I3365::33650389.tif/full/max/0/default.png
193b,,https://iiif.bdrc.io/bdr:V22704_I3365::33650390.tif/full/max/0/default.png
194a,བརྒྱ་ གོ་བཞི་,https://iiif.bdrc.io/bdr:V22704_I3365::33650391.tif/full/max/0/default.png
194b,,https://iiif.bdrc.io/bdr:V22704_I3365::33650392.tif/full/max/0/default.png
195a,བརྒྱ་ གོ་ལྔ་,https://iiif.bdrc.io/bdr:V22704_I3365::33650393.tif/full/max/0/default.png
195b,,https://iiif.bdrc.io/bdr:V22704_I3365::33650394.tif/full/max/0/default.png
196a,བརྒྱ་ གོ་དྲུག་,https://iiif.bdrc.io/bdr:V22704_I3365::33650395.tif/full/max/0/default.png
196b,,https://iiif.bdrc.io/bdr:V22704_I3365::33650396.tif/full/max/0/default.png
197a,བརྒྱ་ གོ་བདུན་,https://iiif.bdrc.io/bdr:V22704_I3365::33650397.tif/full/max/0/default.png
197b,,https://iiif.bdrc.io/bdr:V22704_I3365::33650398.tif/full/max/0/default.png
198a,བརྒྱ་ གོ་བརྒྱད་,https://iiif.bdrc.io/bdr:V22704_I3365::33650399.tif/full/max/0/default.png
198b,,https://iiif.bdrc.io/bdr:V22704_I3365::33650400.tif/full/max/0/default.png
199a,བརྒྱ་ གོ་དགུ་,https://iiif.bdrc.io/bdr:V22704_I3365::33650401.tif/full/max/0/default.png
199b,,https://iiif.bdrc.io/bdr:V22704_I3365::33650402.tif/full/max/0/default.png
200a,གཉིས་བརྒྱ་,https://iiif.bdrc.io/bdr:V22704_I3365::33650403.tif/full/max/0/default.png
200b,,https://iiif.bdrc.io/bdr:V22704_I3365::33650404.tif/full/max/0/default.png
201a,གཉིས་བརྒྱ་ གཅིག་,https://iiif.bdrc.io/bdr:V22704_I3365::33650405.tif/full/max/0/default.png
201b,,https://iiif.bdrc.io/bdr:V22704_I3365::33650406.tif/full/max/0/default.png
202a,གཉིས་བརྒྱ་ གཉིས་,https://iiif.bdrc.io/bdr:V22704_I3365::33650407.tif/full/max/0/default.png
202b,,https://iiif.bdrc.io/bdr:V22704_I3365::33650408.tif/full/max/0/default.png
203a,གཉིས་བརྒྱ་ གསུམ་,https://iiif.bdrc.io/bdr:V22704_I3365::33650409.tif/full/max/0/default.png
203b,,https://iiif.bdrc.io/bdr:V22704_I3365::33650410.tif/full/max/0/default.png
204a,གཉིས་བརྒྱ་ བཞི་,https://iiif.bdrc.io/bdr:V22704_I3365::33650411.tif/full/max/0/default.png
204b,,https://iiif.bdrc.io/bdr:V22704_I3365::33650412.tif/full/max/0/default.png
205a,གཉིས་བརྒྱ་ ལྔ་,https://iiif.bdrc.io/bdr:V22704_I3365::33650413.tif/full/max/0/default.png
205b,,https://iiif.bdrc.io/bdr:V22704_I3365::33650414.tif/full/max/0/default.png
206a,གཉིས་བརྒྱ་ དྲུག་,https://iiif.bdrc.io/bdr:V22704_I3365::33650415.tif/full/max/0/default.png
206b,,https://iiif.bdrc.io/bdr:V22704_I3365::33650416.tif/full/max/0/default.png
207a,གཉིས་བརྒྱ་ བདུན་,https://iiif.bdrc.io/bdr:V22704_I3365::33650417.tif/full/max/0/default.png
207b,,https://iiif.bdrc.io/bdr:V22704_I3365::33650418.tif/full/max/0/default.png
208a,གཉིས་བརྒྱ་ བརྒྱད་,https://iiif.bdrc.io/bdr:V22704_I3365::33650419.tif/full/max/0/default.png
208b,,https://iiif.bdrc.io/bdr:V22704_I3365::33650420.tif/full/max/0/default.png
209a,གཉིས་བརྒྱ་ དགུ་,https://iiif.bdrc.io/bdr:V22704_I3365::33650421.tif/full/max/0/default.png
209b,,https://iiif.bdrc.io/bdr:V22704_I3365::33650422.tif/full/max/0/default.png
210a,གཉིས་བརྒྱ་ བཅུ་,https://iiif.bdrc.io/bdr:V22704_I3365::33650423.tif/full/max/0/default.png
210b,,https://iiif.bdrc.io/bdr:V22704_I3365::33650424.tif/full/max/0/default.png
211a,གཉིས་བརྒྱ་ བཅུ་གཅིག་,https://iiif.bdrc.io/bdr:V22704_I3365::33650425.tif/full/max/0/default.png
211b,,https://iiif.bdrc.io/bdr:V22704_I3365::33650426.tif/full/max/0/default.png
212a,གཉིས་བརྒྱ་ བཅུ་གཉིས་,https://iiif.bdrc.io/bdr:V22704_I3365::33650427.tif/full/max/0/default.png
212b,,https://iiif.bdrc.io/bdr:V22704_I3365::33650428.tif/full/max/0/default.png
213a,གཉིས་བརྒྱ་ བཅུ་གསུམ་,https://iiif.bdrc.io/bdr:V22704_I3365::33650429.tif/full/max/0/default.png
213b,,https://iiif.bdrc.io/bdr:V22704_I3365::33650430.tif/full/max/0/default.png
214a,གཉིས་བརྒྱ་ བཅུ་བཞི་,https://iiif.bdrc.io/bdr:V22704_I3365::33650431.tif/full/max/0/default.png
214b,,https://iiif.bdrc.io/bdr:V22704_I3365::33650432.tif/full/max/0/default.png
215a,གཉིས་བརྒྱ་ བཅོ་ལྔ་,https://iiif.bdrc.io/bdr:V22704_I3365::33650433.tif/full/max/0/default.png
215b,,https://iiif.bdrc.io/bdr:V22704_I3365::33650434.tif/full/max/0/default.png
216a,གཉིས་བརྒྱ་ བཅུ་དྲུག་,https://iiif.bdrc.io/bdr:V22704_I3365::33650435.tif/full/max/0/default.png
216b,,https://iiif.bdrc.io/bdr:V22704_I3365::33650436.tif/full/max/0/default.png
217a,གཉིས་བརྒྱ་ བཅུ་བདུན་,https://iiif.bdrc.io/bdr:V22704_I3365::33650437.tif/full/max/0/default.png
217b,,https://iiif.bdrc.io/bdr:V22704_I3365::33650438.tif/full/max/0/default.png
218a,གཉིས་བརྒྱ་ བཅོ་བརྒྱད་,https://iiif.bdrc.io/bdr:V22704_I3365::33650439.tif/full/max/0/default.png
218b,,https://iiif.bdrc.io/bdr:V22704_I3365::33650440.tif/full/max/0/default.png
219a,གཉིས་བརྒྱ་ བཅུ་དགུ་,https://iiif.bdrc.io/bdr:V22704_I3365::33650441.tif/full/max/0/default.png
219b,,https://iiif.bdrc.io/bdr:V22704_I3365::33650442.tif/full/max/0/default.png
220a,གཉིས་བརྒྱ་ ཉི་ཤུ,https://iiif.bdrc.io/bdr:V22704_I3365::33650443.tif/full/max/0/default.png
220b,,https://iiif.bdrc.io/bdr:V22704_I3365::33650444.tif/full/max/0/default.png
221a,གཉིས་བརྒྱ་ ཉེར་གཅིག་,https://iiif.bdrc.io/bdr:V22704_I3365::33650445.tif/full/max/0/default.png
221b,,https://iiif.bdrc.io/bdr:V22704_I3365::33650446.tif/full/max/0/default.png
222a,གཉིས་བརྒྱ་ ཉེར་གཉིས་,https://iiif.bdrc.io/bdr:V22704_I3365::33650447.tif/full/max/0/default.png
222b,,https://iiif.bdrc.io/bdr:V22704_I3365::33650448.tif/full/max/0/default.png
223a,གཉིས་བརྒྱ་ ཉེར་གསུམ་,https://iiif.bdrc.io/bdr:V22704_I3365::33650449.tif/full/max/0/default.png
223b,,https://iiif.bdrc.io/bdr:V22704_I3365::33650450.tif/full/max/0/default.png
224a,གཉིས་བརྒྱ་ ཉེར་བཞི་,https://iiif.bdrc.io/bdr:V22704_I3365::33650451.tif/full/max/0/default.png
224b,,https://iiif.bdrc.io/bdr:V22704_I3365::33650452.tif/full/max/0/default.png
225a,གཉིས་བརྒྱ་ ཉེར་ལྔ་,https://iiif.bdrc.io/bdr:V22704_I3365::33650453.tif/full/max/0/default.png
225b,,https://iiif.bdrc.io/bdr:V22704_I3365::33650454.tif/full/max/0/default.png
226a,གཉིས་བརྒྱ་ ཉེར་དྲུག་,https://iiif.bdrc.io/bdr:V22704_I3365::33650455.tif/full/max/0/default.png
226b,,https://iiif.bdrc.io/bdr:V22704_I3365::33650456.tif/full/max/0/default.png
227a,གཉིས་བརྒྱ་ ཉེར་བདུན་,https://iiif.bdrc.io/bdr:V22704_I3365::33650457.tif/full/max/0/default.png
227b,,https://iiif.bdrc.io/bdr:V22704_I3365::33650458.tif/full/max/0/default.png
228a,གཉིས་བརྒྱ་ ཉེར་བརྒྱད་,https://iiif.bdrc.io/bdr:V22704_I3365::33650459.tif/full/max/0/default.png
228b,,https://iiif.bdrc.io/bdr:V22704_I3365::33650460.tif/full/max/0/default.png
229a,གཉིས་བརྒྱ་ ཉེར་དགུ་,https://iiif.bdrc.io/bdr:V22704_I3365::33650461.tif/full/max/0/default.png
229b,,https://iiif.bdrc.io/bdr:V22704_I3365::33650462.tif/full/max/0/default.png
230a,གཉིས་བརྒྱ་ སུམ་བཅུ་,https://iiif.bdrc.io/bdr:V22704_I3365::33650463.tif/full/max/0/default.png
230b,,https://iiif.bdrc.io/bdr:V22704_I3365::33650464.tif/full/max/0/default.png
231a,གཉིས་བརྒྱ་ སོ་གཅིག་,https://iiif.bdrc.io/bdr:V22704_I3365::33650465.tif/full/max/0/default.png
231b,,https://iiif.bdrc.io/bdr:V22704_I3365::33650466.tif/full/max/0/default.png
232a,གཉིས་བརྒྱ་ སོ་གཉིས་,https://iiif.bdrc.io/bdr:V22704_I3365::33650467.tif/full/max/0/default.png
232b,,https://iiif.bdrc.io/bdr:V22704_I3365::33650468.tif/full/max/0/default.png
233a,གཉིས་བརྒྱ་ སོ་གསུམ་,https://iiif.bdrc.io/bdr:V22704_I3365::33650469.tif/full/max/0/default.png
233b,,https://iiif.bdrc.io/bdr:V22704_I3365::33650470.tif/full/max/0/default.png
234a,གཉིས་བརྒྱ་ སོ་བཞི་,https://iiif.bdrc.io/bdr:V22704_I3365::33650471.tif/full/max/0/default.png
234b,,https://iiif.bdrc.io/bdr:V22704_I3365::33650472.tif/full/max/0/default.png
235a,གཉིས་བརྒྱ་ སོ་ལྔ་,https://iiif.bdrc.io/bdr:V22704_I3365::33650473.tif/full/max/0/default.png
235b,,https://iiif.bdrc.io/bdr:V22704_I3365::33650474.tif/full/max/0/default.png
236a,གཉིས་བརྒྱ་ སོ་དྲུག་,https://iiif.bdrc.io/bdr:V22704_I3365::33650475.tif/full/max/0/default.png
236b,,https://iiif.bdrc.io/bdr:V22704_I3365::33650476.tif/full/max/0/default.png
237a,གཉིས་བརྒྱ་ སོ་བདུན་,https://iiif.bdrc.io/bdr:V22704_I3365::33650477.tif/full/max/0/default.png
237b,,https://iiif.bdrc.io/bdr:V22704_I3365::33650478.tif/full/max/0/default.png
238a,གཉིས་བརྒྱ་ སོ་བརྒྱད་,https://iiif.bdrc.io/bdr:V22704_I3365::33650479.tif/full/max/0/default.png
238b,,https://iiif.bdrc.io/bdr:V22704_I3365::33650480.tif/full/max/0/default.png
239a,གཉིས་བརྒྱ་ སོ་དགུ་,https://iiif.bdrc.io/bdr:V22704_I3365::33650481.tif/full/max/0/default.png
239b,,https://iiif.bdrc.io/bdr:V22704_I3365::33650482.tif/full/max/0/default.png
240a,གཉིས་བརྒྱ་ བཞི་བཅུ་,https://iiif.bdrc.io/bdr:V22704_I3365::33650483.tif/full/max/0/default.png
240b,,https://iiif.bdrc.io/bdr:V22704_I3365::33650484.tif/full/max/0/default.png
241a,གཉིས་བརྒྱ་ ཞེ་གཅིག་,https://iiif.bdrc.io/bdr:V22704_I3365::33650485.tif/full/max/0/default.png
241b,,https://iiif.bdrc.io/bdr:V22704_I3365::33650486.tif/full/max/0/default.png
242a,གཉིས་བརྒྱ་ ཞེ་གཉིས་,https://iiif.bdrc.io/bdr:V22704_I3365::33650487.tif/full/max/0/default.png
242b,,https://iiif.bdrc.io/bdr:V22704_I3365::33650488.tif/full/max/0/default.png
243a,གཉིས་བརྒྱ་ ཞེ་གསུམ་,https://iiif.bdrc.io/bdr:V22704_I3365::33650489.tif/full/max/0/default.png
243b,,https://iiif.bdrc.io/bdr:V22704_I3365::33650490.tif/full/max/0/default.png
244a,གཉིས་བརྒྱ་ ཞེ་བཞི་,https://iiif.bdrc.io/bdr:V22704_I3365::33650491.tif/full/max/0/default.png
244b,,https://iiif.bdrc.io/bdr:V22704_I3365::33650492.tif/full/max/0/default.png
245a,གཉིས་བརྒྱ་ ཞེ་ལྔ་,https://iiif.bdrc.io/bdr:V22704_I3365::33650493.tif/full/max/0/default.png
245b,,https://iiif.bdrc.io/bdr:V22704_I3365::33650494.tif/full/max/0/default.png
246a,གཉིས་བརྒྱ་ ཞེ་དྲུག་,https://iiif.bdrc.io/bdr:V22704_I3365::33650495.tif/full/max/0/default.png
246b,,https://iiif.bdrc.io/bdr:V22704_I3365::33650496.tif/full/max/0/default.png
247a,གཉིས་བརྒྱ་ ཞེ་བདུན་,https://iiif.bdrc.io/bdr:V22704_I3365::33650497.tif/full/max/0/default.png
247b,,https://iiif.bdrc.io/bdr:V22704_I3365::33650498.tif/full/max/0/default.png
248a,གཉིས་བརྒྱ་ ཞེ་བརྒྱད་,https://iiif.bdrc.io/bdr:V22704_I3365::33650499.tif/full/max/0/default.png
248b,,https://iiif.bdrc.io/bdr:V22704_I3365::33650500.tif/full/max/0/default.png
249a,གཉིས་བརྒྱ་ ཞེ་དགུ་,https://iiif.bdrc.io/bdr:V22704_I3365::33650501.tif/full/max/0/default.png
249b,,https://iiif.bdrc.io/bdr:V22704_I3365::33650502.tif/full/max/0/default.png
250a,གཉིས་བརྒྱ་ ལྔ་བཅུ་,https://iiif.bdrc.io/bdr:V22704_I3365::33650503.tif/full/max/0/default.png
250b,,https://iiif.bdrc.io/bdr:V22704_I3365::33650504.tif/full/max/0/default.png
251a,གཉིས་བརྒྱ་ ང་གཅིག་,https://iiif.bdrc.io/bdr:V22704_I3365::33650505.tif/full/max/0/default.png
251b,,https://iiif.bdrc.io/bdr:V22704_I3365::33650506.tif/full/max/0/default.png
252a,གཉིས་བརྒྱ་ ང་གཉིས་,https://iiif.bdrc.io/bdr:V22704_I3365::33650507.tif/full/max/0/default.png
252b,,https://iiif.bdrc.io/bdr:V22704_I3365::33650508.tif/full/max/0/default.png
253a,གཉིས་བརྒྱ་ ང་གསུམ་,https://iiif.bdrc.io/bdr:V22704_I3365::33650509.tif/full/max/0/default.png
253b,,https://iiif.bdrc.io/bdr:V22704_I3365::33650510.tif/full/max/0/default.png
254a,གཉིས་བརྒྱ་ ང་བཞི་,https://iiif.bdrc.io/bdr:V22704_I3365::33650511.tif/full/max/0/default.png
254b,,https://iiif.bdrc.io/bdr:V22704_I3365::33650512.tif/full/max/0/default.png
255a,གཉིས་བརྒྱ་ ང་ལྔ་,https://iiif.bdrc.io/bdr:V22704_I3365::33650513.tif/full/max/0/default.png
255b,,https://iiif.bdrc.io/bdr:V22704_I3365::33650514.tif/full/max/0/default.png
256a,གཉིས་བརྒྱ་ ང་དྲུག་,https://iiif.bdrc.io/bdr:V22704_I3365::33650515.tif/full/max/0/default.png
256b,,https://iiif.bdrc.io/bdr:V22704_I3365::33650516.tif/full/max/0/default.png
257a,གཉིས་བརྒྱ་ ང་བདུན་,https://iiif.bdrc.io/bdr:V22704_I3365::33650517.tif/full/max/0/default.png
257b,,https://iiif.bdrc.io/bdr:V22704_I3365::33650518.tif/full/max/0/default.png
258a,གཉིས་བརྒྱ་ ང་བརྒྱད་,https://iiif.bdrc.io/bdr:V22704_I3365::33650519.tif/full/max/0/default.png
258b,,https://iiif.bdrc.io/bdr:V22704_I3365::33650520.tif/full/max/0/default.png
259a,གཉིས་བརྒྱ་ ང་དགུ་,https://iiif.bdrc.io/bdr:V22704_I3365::33650521.tif/full/max/0/default.png
259b,,https://iiif.bdrc.io/bdr:V22704_I3365::33650522.tif/full/max/0/default.png
260a,གཉིས་བརྒྱ་ དྲུག་བཅུ་,https://iiif.bdrc.io/bdr:V22704_I3365::33650523.tif/full/max/0/default.png
260b,,https://iiif.bdrc.io/bdr:V22704_I3365::33650524.tif/full/max/0/default.png
261a,གཉིས་བརྒྱ་ རེ་གཅིག་,https://iiif.bdrc.io/bdr:V22704_I3365::33650525.tif/full/max/0/default.png
261b,,https://iiif.bdrc.io/bdr:V22704_I3365::33650526.tif/full/max/0/default.png
262a,གཉིས་བརྒྱ་ རེ་གཉིས་,https://iiif.bdrc.io/bdr:V22704_I3365::33650527.tif/full/max/0/default.png
262b,,https://iiif.bdrc.io/bdr:V22704_I3365::33650528.tif/full/max/0/default.png
263a,གཉིས་བརྒྱ་ རེ་གསུམ་,https://iiif.bdrc.io/bdr:V22704_I3365::33650529.tif/full/max/0/default.png
263b,,https://iiif.bdrc.io/bdr:V22704_I3365::33650530.tif/full/max/0/default.png
264a,གཉིས་བརྒྱ་ རེ་བཞི་,https://iiif.bdrc.io/bdr:V22704_I3365::33650531.tif/full/max/0/default.png
264b,,https://iiif.bdrc.io/bdr:V22704_I3365::33650532.tif/full/max/0/default.png
265a,གཉིས་བརྒྱ་ རེ་ལྔ་,https://iiif.bdrc.io/bdr:V22704_I3365::33650533.tif/full/max/0/default.png
265b,,https://iiif.bdrc.io/bdr:V22704_I3365::33650534.tif/full/max/0/default.png
266a,གཉིས་བརྒྱ་ རེ་དྲུག་,https://iiif.bdrc.io/bdr:V22704_I3365::33650535.tif/full/max/0/default.png
266b,,https://iiif.bdrc.io/bdr:V22704_I3365::33650536.tif/full/max/0/default.png
267a,གཉིས་བརྒྱ་ རེ་བདུན་,https://iiif.bdrc.io/bdr:V22704_I3365::33650537.tif/full/max/0/default.png
267b,,https://iiif.bdrc.io/bdr:V22704_I3365::33650538.tif/full/max/0/default.png
268a,གཉིས་བརྒྱ་ རེ་བརྒྱད་,https://iiif.bdrc.io/bdr:V22704_I3365::33650539.tif/full/max/0/default.png
268b,,https://iiif.bdrc.io/bdr:V22704_I3365::33650540.tif/full/max/0/default.png
269a,གཉིས་བརྒྱ་ རེ་དགུ་,https://iiif.bdrc.io/bdr:V22704_I3365::33650541.tif/full/max/0/default.png
269b,,https://iiif.bdrc.io/bdr:V22704_I3365::33650542.tif/full/max/0/default.png
270a,གཉིས་བརྒྱ་ བདུན་བཅུ་,https://iiif.bdrc.io/bdr:V22704_I3365::33650543.tif/full/max/0/default.png
270b,,https://iiif.bdrc.io/bdr:V22704_I3365::33650544.tif/full/max/0/default.png
271a,གཉིས་བརྒྱ་ དོན་གཅིག་,https://iiif.bdrc.io/bdr:V22704_I3365::33650545.tif/full/max/0/default.png
271b,,https://iiif.bdrc.io/bdr:V22704_I3365::33650546.tif/full/max/0/default.png
272a,གཉིས་བརྒྱ་ དོན་གཉིས་,https://iiif.bdrc.io/bdr:V22704_I3365::33650547.tif/full/max/0/default.png
272b,,https://iiif.bdrc.io/bdr:V22704_I3365::33650548.tif/full/max/0/default.png
273a,གཉིས་བརྒྱ་ དོན་གསུམ་,https://iiif.bdrc.io/bdr:V22704_I3365::33650549.tif/full/max/0/default.png
273b,,https://iiif.bdrc.io/bdr:V22704_I3365::33650550.tif/full/max/0/default.png
274a,གཉིས་བརྒྱ་ དོན་བཞི་,https://iiif.bdrc.io/bdr:V22704_I3365::33650551.tif/full/max/0/default.png
274b,,https://iiif.bdrc.io/bdr:V22704_I3365::33650552.tif/full/max/0/default.png
275a,གཉིས་བརྒྱ་ དོན་ལྔ་,https://iiif.bdrc.io/bdr:V22704_I3365::33650553.tif/full/max/0/default.png
275b,,https://iiif.bdrc.io/bdr:V22704_I3365::33650554.tif/full/max/0/default.png
276a,གཉིས་བརྒྱ་ དོན་དྲུག་,https://iiif.bdrc.io/bdr:V22704_I3365::33650555.tif/full/max/0/default.png
276b,,https://iiif.bdrc.io/bdr:V22704_I3365::33650556.tif/full/max/0/default.png
277a,གཉིས་བརྒྱ་ དོན་བདུན་,https://iiif.bdrc.io/bdr:V22704_I3365::33650557.tif/full/max/0/default.png
277b,,https://iiif.bdrc.io/bdr:V22704_I3365::33650558.tif/full/max/0/default.png
278a,གཉིས་བརྒྱ་ དོན་བརྒྱད་,https://iiif.bdrc.io/bdr:V22704_I3365::33650559.tif/full/max/0/default.png
278b,,https://iiif.bdrc.io/bdr:V22704_I3365::33650560.tif/full/max/0/default.png
279a,གཉིས་བརྒྱ་ དོན་དགུ་,https://iiif.bdrc.io/bdr:V22704_I3365::33650561.tif/full/max/0/default.png
279b,,https://iiif.bdrc.io/bdr:V22704_I3365::33650562.tif/full/max/0/default.png
280a,གཉིས་བརྒྱ་ བརྒྱད་བཅུ་,https://iiif.bdrc.io/bdr:V22704_I3365::33650563.tif/full/max/0/default.png
280b,,https://iiif.bdrc.io/bdr:V22704_I3365::33650564.tif/full/max/0/default.png
281a,གཉིས་བརྒྱ་ གྱ་གཅིག་,https://iiif.bdrc.io/bdr:V22704_I3365::33650565.tif/full/max/0/default.png
281b,,https://iiif.bdrc.io/bdr:V22704_I3365::33650566.tif/full/max/0/default.png
282a,གཉིས་བརྒྱ་ གྱ་གཉིས་,https://iiif.bdrc.io/bdr:V22704_I3365::33650567.tif/full/max/0/default.png
282b,,https://iiif.bdrc.io/bdr:V22704_I3365::33650568.tif/full/max/0/default.png
283a,གཉིས་བརྒྱ་ གྱ་གསུམ་,https://iiif.bdrc.io/bdr:V22704_I3365::33650569.tif/full/max/0/default.png
283b,,https://iiif.bdrc.io/bdr:V22704_I3365::33650570.tif/full/max/0/default.png
284a,གཉིས་བརྒྱ་ གྱ་བཞི་,https://iiif.bdrc.io/bdr:V22704_I3365::33650571.tif/full/max/0/default.png
284b,,https://iiif.bdrc.io/bdr:V22704_I3365::33650572.tif/full/max/0/default.png
285a,གཉིས་བརྒྱ་ གྱ་ལྔ་,https://iiif.bdrc.io/bdr:V22704_I3365::33650573.tif/full/max/0/default.png
285b,,https://iiif.bdrc.io/bdr:V22704_I3365::33650574.tif/full/max/0/default.png
286a,གཉིས་བརྒྱ་ གྱ་དྲུག་,https://iiif.bdrc.io/bdr:V22704_I3365::33650575.tif/full/max/0/default.png
286b,,https://iiif.bdrc.io/bdr:V22704_I3365::33650576.tif/full/max/0/default.png
287a,གཉིས་བརྒྱ་ གྱ་བདུན་,https://iiif.bdrc.io/bdr:V22704_I3365::33650577.tif/full/max/0/default.png
287b,,https://iiif.bdrc.io/bdr:V22704_I3365::33650578.tif/full/max/0/default.png
288a,གཉིས་བརྒྱ་ གྱ་བརྒྱད་,https://iiif.bdrc.io/bdr:V22704_I3365::33650579.tif/full/max/0/default.png
288b,,https://iiif.bdrc.io/bdr:V22704_I3365::33650580.tif/full/max/0/default.png
289a,གཉིས་བརྒྱ་ གྱ་དགུ་,https://iiif.bdrc.io/bdr:V22704_I3365::33650581.tif/full/max/0/default.png
289b,,https://iiif.bdrc.io/bdr:V22704_I3365::33650582.tif/full/max/0/default.png
290a,གཉིས་བརྒྱ་ དགུ་བཅུ་,https://iiif.bdrc.io/bdr:V22704_I3365::33650583.tif/full/max/0/default.png
290b,,https://iiif.bdrc.io/bdr:V22704_I3365::33650584.tif/full/max/0/default.png
291a,གཉིས་བརྒྱ་ གོ་གཅིག་,https://iiif.bdrc.io/bdr:V22704_I3365::33650585.tif/full/max/0/default.png
291b,,https://iiif.bdrc.io/bdr:V22704_I3365::33650586.tif/full/max/0/default.png
292a,གཉིས་བརྒྱ་ གོ་གཉིས་,https://iiif.bdrc.io/bdr:V22704_I3365::33650587.tif/full/max/0/default.png
292b,,https://iiif.bdrc.io/bdr:V22704_I3365::33650588.tif/full/max/0/default.png
293a,གཉིས་བརྒྱ་ གོ་གསུམ་,https://iiif.bdrc.io/bdr:V22704_I3365::33650589.tif/full/max/0/default.png
293b,,https://iiif.bdrc.io/bdr:V22704_I3365::33650590.tif/full/max/0/default.png
294a,གཉིས་བརྒྱ་ གོ་བཞི་,https://iiif.bdrc.io/bdr:V22704_I3365::33650591.tif/full/max/0/default.png
294b,,https://iiif.bdrc.io/bdr:V22704_I3365::33650592.tif/full/max/0/default.png
295a,གཉིས་བརྒྱ་ གོ་ལྔ་,https://iiif.bdrc.io/bdr:V22704_I3365::33650593.tif/full/max/0/default.png
295b,,https://iiif.bdrc.io/bdr:V22704_I3365::33650594.tif/full/max/0/default.png
296a,གཉིས་བརྒྱ་ གོ་དྲུག་,https://iiif.bdrc.io/bdr:V22704_I3365::33650595.tif/full/max/0/default.png
296b,,https://iiif.bdrc.io/bdr:V22704_I3365::33650596.tif/full/max/0/default.png
297a,གཉིས་བརྒྱ་ གོ་བདུན་,https://iiif.bdrc.io/bdr:V22704_I3365::33650597.tif/full/max/0/default.png
297b,,https://iiif.bdrc.io/bdr:V22704_I3365::33650598.tif/full/max/0/default.png
298a,གཉིས་བརྒྱ་ གོ་བརྒྱད་,https://iiif.bdrc.io/bdr:V22704_I3365::33650599.tif/full/max/0/default.png
298b,,https://iiif.bdrc.io/bdr:V22704_I3365::33650600.tif/full/max/0/default.png
299a,གཉིས་བརྒྱ་ གོ་དགུ་,https://iiif.bdrc.io/bdr:V22704_I3365::33650601.tif/full/max/0/default.png
299b,,https://iiif.bdrc.io/bdr:V22704_I3365::33650602.tif/full/max/0/default.png
300a,གསུམ་བརྒྱ་,https://iiif.bdrc.io/bdr:V22704_I3365::33650603.tif/full/max/0/default.png
300b,,https://iiif.bdrc.io/bdr:V22704_I3365::33650604.tif/full/max/0/default.png
301a,གསུམ་བརྒྱ་ གཅིག་,https://iiif.bdrc.io/bdr:V22704_I3365::33650605.tif/full/max/0/default.png
301b,,https://iiif.bdrc.io/bdr:V22704_I3365::33650606.tif/full/max/0/default.png
302a,གསུམ་བརྒྱ་ གཉིས་,https://iiif.bdrc.io/bdr:V22704_I3365::33650607.tif/full/max/0/default.png
302b,,https://iiif.bdrc.io/bdr:V22704_I3365::33650608.tif/full/max/0/default.png
303a,གསུམ་བརྒྱ་ གསུམ་,https://iiif.bdrc.io/bdr:V22704_I3365::33650609.tif/full/max/0/default.png
303b,,https://iiif.bdrc.io/bdr:V22704_I3365::33650610.tif/full/max/0/default.png
304a,གསུམ་བརྒྱ་ བཞི་,https://iiif.bdrc.io/bdr:V22704_I3365::33650611.tif/full/max/0/default.png
304b,,https://iiif.bdrc.io/bdr:V22704_I3365::33650612.tif/full/max/0/default.png
305a,གསུམ་བརྒྱ་ ལྔ་,https://iiif.bdrc.io/bdr:V22704_I3365::33650613.tif/full/max/0/default.png
305b,,https://iiif.bdrc.io/bdr:V22704_I3365::33650614.tif/full/max/0/default.png
306a,གསུམ་བརྒྱ་ དྲུག་,https://iiif.bdrc.io/bdr:V22704_I3365::33650615.tif/full/max/0/default.png
306b,,https://iiif.bdrc.io/bdr:V22704_I3365::33650616.tif/full/max/0/default.png
307a,གསུམ་བརྒྱ་ བདུན་,https://iiif.bdrc.io/bdr:V22704_I3365::33650617.tif/full/max/0/default.png
307b,,https://iiif.bdrc.io/bdr:V22704_I3365::33650618.tif/full/max/0/default.png
308a,གསུམ་བརྒྱ་ བརྒྱད་,https://iiif.bdrc.io/bdr:V22704_I3365::33650619.tif/full/max/0/default.png
308b,,https://iiif.bdrc.io/bdr:V22704_I3365::33650620.tif/full/max/0/default.png
309a,གསུམ་བརྒྱ་ དགུ་,https://iiif.bdrc.io/bdr:V22704_I3365::33650621.tif/full/max/0/default.png
309b,,https://iiif.bdrc.io/bdr:V22704_I3365::33650622.tif/full/max/0/default.png
310a,གསུམ་བརྒྱ་ བཅུ་,https://iiif.bdrc.io/bdr:V22704_I3365::33650623.tif/full/max/0/default.png
310b,,https://iiif.bdrc.io/bdr:V22704_I3365::33650624.tif/full/max/0/default.png
311a,གསུམ་བརྒྱ་ བཅུ་གཅིག་,https://iiif.bdrc.io/bdr:V22704_I3365::33650625.tif/full/max/0/default.png
311b,,https://iiif.bdrc.io/bdr:V22704_I3365::33650626.tif/full/max/0/default.png
312a,གསུམ་བརྒྱ་ བཅུ་གཉིས་,https://iiif.bdrc.io/bdr:V22704_I3365::33650627.tif/full/max/0/default.png
312b,,https://iiif.bdrc.io/bdr:V22704_I3365::33650628.tif/full/max/0/default.png
313a,གསུམ་བརྒྱ་ བཅུ་གསུམ་,https://iiif.bdrc.io/bdr:V22704_I3365::33650629.tif/full/max/0/default.png
313b,,https://iiif.bdrc.io/bdr:V22704_I3365::33650630.tif/full/max/0/default.png
314a,གསུམ་བརྒྱ་ བཅུ་བཞི་,https://iiif.bdrc.io/bdr:V22704_I3365::33650631.tif/full/max/0/default.png
314b,,https://iiif.bdrc.io/bdr:V22704_I3365::33650632.tif/full/max/0/default.png
315a,གསུམ་བརྒྱ་ བཅོ་ལྔ་,https://iiif.bdrc.io/bdr:V22704_I3365::33650633.tif/full/max/0/default.png
315b,,https://iiif.bdrc.io/bdr:V22704_I3365::33650634.tif/full/max/0/default.png
316a,གསུམ་བརྒྱ་ བཅུ་དྲུག་,https://iiif.bdrc.io/bdr:V22704_I3365::33650635.tif/full/max/0/default.png
316b,,https://iiif.bdrc.io/bdr:V22704_I3365::33650636.tif/full/max/0/default.png
317a,གསུམ་བརྒྱ་ བཅུ་བདུན་,https://iiif.bdrc.io/bdr:V22704_I3365::33650637.tif/full/max/0/default.png
317b,,https://iiif.bdrc.io/bdr:V22704_I3365::33650638.tif/full/max/0/default.png
318a,གསུམ་བརྒྱ་ བཅོ་བརྒྱད་,https://iiif.bdrc.io/bdr:V22704_I3365::33650639.tif/full/max/0/default.png
318b,,https://iiif.bdrc.io/bdr:V22704_I3365::33650640.tif/full/max/0/default.png
319a,གསུམ་བརྒྱ་ བཅུ་དགུ་,https://iiif.bdrc.io/bdr:V22704_I3365::33650641.tif/full/max/0/default.png
319b,,https://iiif.bdrc.io/bdr:V22704_I3365::33650642.tif/full/max/0/default.png
320a,གསུམ་བརྒྱ་ ཉི་ཤུ,https://iiif.bdrc.io/bdr:V22704_I3365::33650643.tif/full/max/0/default.png
320b,,https://iiif.bdrc.io/bdr:V22704_I3365::33650644.tif/full/max/0/default.png
321a,གསུམ་བརྒྱ་ ཉེར་གཅིག་,https://iiif.bdrc.io/bdr:V22704_I3365::33650645.tif/full/max/0/default.png
321b,,https://iiif.bdrc.io/bdr:V22704_I3365::33650646.tif/full/max/0/default.png
322a,གསུམ་བརྒྱ་ ཉེར་གཉིས་,https://iiif.bdrc.io/bdr:V22704_I3365::33650647.tif/full/max/0/default.png
322b,,https://iiif.bdrc.io/bdr:V22704_I3365::33650648.tif/full/max/0/default.png
323a,གསུམ་བརྒྱ་ ཉེར་གསུམ་,https://iiif.bdrc.io/bdr:V22704_I3365::33650649.tif/full/max/0/default.png
323b,,https://iiif.bdrc.io/bdr:V22704_I3365::33650650.tif/full/max/0/default.png
324a,གསུམ་བརྒྱ་ ཉེར་བཞི་,https://iiif.bdrc.io/bdr:V22704_I3365::33650651.tif/full/max/0/default.png
324b,,https://iiif.bdrc.io/bdr:V22704_I3365::33650652.tif/full/max/0/default.png
325a,གསུམ་བརྒྱ་ ཉེར་ལྔ་,https://iiif.bdrc.io/bdr:V22704_I3365::33650653.tif/full/max/0/default.png
325b,,https://iiif.bdrc.io/bdr:V22704_I3365::33650654.tif/full/max/0/default.png
326a,གསུམ་བརྒྱ་ ཉེར་དྲུག་,https://iiif.bdrc.io/bdr:V22704_I3365::33650655.tif/full/max/0/default.png
326b,,https://iiif.bdrc.io/bdr:V22704_I3365::33650656.tif/full/max/0/default.png
327a,གསུམ་བརྒྱ་ ཉེར་བདུན་,https://iiif.bdrc.io/bdr:V22704_I3365::33650657.tif/full/max/0/default.png