39a,སོ་དགུ་,https://iiif.bdrc.io/bdr:V1GS66030_I1GS66136::I1GS661360081.tif/full/max/0/default.png
39b,,https://iiif.bdrc.io/bdr:V1GS66030_I1GS66136::I1GS661360082.tif/full/max/0/default.png
40a,བཞི་བཅུ་,https://iiif.bdrc.io/bdr:V1GS66030_I1GS66136::I1GS661360083.tif/full/max/0/default.png
40b,,https://iiif.bdrc.io/bdr:V1GS66030_I1GS66136::I1GS661360084.tif/full/max/0/default.png
41a,ཞེ་གཅིག་,https://iiif.bdrc.io/bdr:V1GS66030_I1GS66136::I1GS661360085.tif/full/max/0/default.png
41b,,https://iiif.bdrc.io/bdr:V1GS66030_I1GS66136::I1GS661360086.tif/full/max/0/default.png
42a,ཞེ་གཉིས་,https://iiif.bdrc.io/bdr:V1GS66030_I1GS66136::I1GS661360087.tif/full/max/0/default.png
42b,,https://iiif.bdrc.io/bdr:V1GS66030_I1GS66136::I1GS661360088.tif/full/max/0/default.png
43a,ཞེ་གསུམ་,https://iiif.bdrc.io/bdr:V1GS66030_I1GS66136::I1GS661360089.tif/full/max/0/default.png
43b,,https://iiif.bdrc.io/bdr:V1GS66030_I1GS66136::I1GS661360090.tif/full/max/0/default.png
44a,ཞེ་བཞི་,https://iiif.bdrc.io/bdr:V1GS66030_I1GS66136::I1GS661360091.tif/full/max/0/default.png
44b,,https://iiif.bdrc.io/bdr:V1GS66030_I1GS66136::I1GS661360092.tif/full/max/0/default.png
45a,ཞེ་ལྔ་,https://iiif.bdrc.io/bdr:V1GS66030_I1GS66136::I1GS661360093.tif/full/max/0/default.png
45b,,https://iiif.bdrc.io/bdr:V1GS66030_I1GS66136::I1GS661360094.tif/full/max/0/default.png
46a,ཞེ་དྲུག་,https://iiif.bdrc.io/bdr:V1GS66030_I1GS66136::I1GS661360095.tif/full/max/0/default.png
46b,,https://iiif.bdrc.io/bdr:V1GS66030_I1GS66136::I1GS661360096.tif/full/max/0/default.png
47a,ཞེ་བདུན་,https://iiif.bdrc.io/bdr:V1GS66030_I1GS66136::I1GS661360097.tif/full/max/0/default.png
47b,,https://iiif.bdrc.io/bdr:V1GS66030_I1GS66136::I1GS661360098.tif/full/max/0/default.png
48a,ཞེ་བརྒྱད་,https://iiif.bdrc.io/bdr:V1GS66030_I1GS66136::I1GS661360099.tif/full/max/0/default.png
48b,,https://iiif.bdrc.io/bdr:V1GS66030_I1GS66136::I1GS661360100.tif/full/max/0/default.png
49a,ཞེ་དགུ་,https://iiif.bdrc.io/bdr:V1GS66030_I1GS66136::I1GS661360101.tif/full/max/0/default.png
49b,,https://iiif.bdrc.io/bdr:V1GS66030_I1GS66136::I1GS661360102.tif/full/max/0/default.png
50a,ལྔ་བཅུ་,https://iiif.bdrc.io/bdr:V1GS66030_I1GS66136::I1GS661360103.tif/full/max/0/default.png
50b,,https://iiif.bdrc.io/bdr:V1GS66030_I1GS66136::I1GS661360104.tif/full/max/0/default.png
51a,ང་གཅིག་,https://iiif.bdrc.io/bdr:V1GS66030_I1GS66136::I1GS661360105.tif/full/max/0/default.png
51b,,https://iiif.bdrc.io/bdr:V1GS66030_I1GS66136::I1GS661360106.tif/full/max/0/default.png
52a,ང་གཉིས་,https://iiif.bdrc.io/bdr:V1GS66030_I1GS66136::I1GS661360107.tif/full/max/0/default.png
52b,,https://iiif.bdrc.io/bdr:V1GS66030_I1GS66136::I1GS661360108.tif/full/max/0/default.png
53a,ང་གསུམ་,https://iiif.bdrc.io/bdr:V1GS66030_I1GS66136::I1GS661360109.tif/full/max/0/default.png
53b,,https://iiif.bdrc.io/bdr:V1GS66030_I1GS66136::I1GS661360110.tif/full/max/0/default.png
54a,ང་བཞི་,https://iiif.bdrc.io/bdr:V1GS66030_I1GS66136::I1GS661360111.tif/full/max/0/default.png
54b,,https://iiif.bdrc.io/bdr:V1GS66030_I1GS66136::I1GS661360112.tif/full/max/0/default.png
55a,ང་ལྔ་,https://iiif.bdrc.io/bdr:V1GS66030_I1GS66136::I1GS661360113.tif/full/max/0/default.png
55b,,https://iiif.bdrc.io/bdr:V1GS66030_I1GS66136::I1GS661360114.tif/full/max/0/default.png
56a,ང་དྲུག་,https://iiif.bdrc.io/bdr:V1GS66030_I1GS66136::I1GS661360115.tif/full/max/0/default.png
56b,,https://iiif.bdrc.io/bdr:V1GS66030_I1GS66136::I1GS661360116.tif/full/max/0/default.png
57a,ང་བདུན་,https://iiif.bdrc.io/bdr:V1GS66030_I1GS66136::I1GS661360117.tif/full/max/0/default.png
57b,,https://iiif.bdrc.io/bdr:V1GS66030_I1GS66136::I1GS661360118.tif/full/max/0/default.png
58a,ང་བརྒྱད་,https://iiif.bdrc.io/bdr:V1GS66030_I1GS66136::I1GS661360119.tif/full/max/0/default.png
58b,,https://iiif.bdrc.io/bdr:V1GS66030_I1GS66136::I1GS661360120.tif/full/max/0/default.png
59a,ང་དགུ་,https://iiif.bdrc.io/bdr:V1GS66030_I1GS66136::I1GS661360121.tif/full/max/0/default.png
59b,,https://iiif.bdrc.io/bdr:V1GS66030_I1GS66136::I1GS661360122.tif/full/max/0/default.png
60a,དྲུག་བཅུ་,https://iiif.bdrc.io/bdr:V1GS66030_I1GS66136::I1GS661360123.tif/full/max/0/default.png
60b,,https://iiif.bdrc.io/bdr:V1GS66030_I1GS66136::I1GS661360124.tif/full/max/0/default.png
61a,རེ་གཅིག་,https://iiif.bdrc.io/bdr:V1GS66030_I1GS66136::I1GS661360125.tif/full/max/0/default.png
61b,,https://iiif.bdrc.io/bdr:V1GS66030_I1GS66136::I1GS661360126.tif/full/max/0/default.png
62a,རེ་གཉིས་,https://iiif.bdrc.io/bdr:V1GS66030_I1GS66136::I1GS661360127.tif/full/max/0/default.png
62b,,https://iiif.bdrc.io/bdr:V1GS66030_I1GS66136::I1GS661360128.tif/full/max/0/default.png
63a,རེ་གསུམ་,https://iiif.bdrc.io/bdr:V1GS66030_I1GS66136::I1GS661360129.tif/full/max/0/default.png
63b,,https://iiif.bdrc.io/bdr:V1GS66030_I1GS66136::I1GS661360130.tif/full/max/0/default.png
64a,རེ་བཞི་,https://iiif.bdrc.io/bdr:V1GS66030_I1GS66136::I1GS661360131.tif/full/max/0/default.png
64b,,https://iiif.bdrc.io/bdr:V1GS66030_I1GS66136::I1GS661360132.tif/full/max/0/default.png
65a,རེ་ལྔ་,https://iiif.bdrc.io/bdr:V1GS66030_I1GS66136::I1GS661360133.tif/full/max/0/default.png
65b,,https://iiif.bdrc.io/bdr:V1GS66030_I1GS66136::I1GS661360134.tif/full/max/0/default.png
66a,རེ་དྲུག་,https://iiif.bdrc.io/bdr:V1GS66030_I1GS66136::I1GS661360135.tif/full/max/0/default.png
66b,,https://iiif.bdrc.io/bdr:V1GS66030_I1GS66136::I1GS661360136.tif/full/max/0/default.png
67a,རེ་བདུན་,https://iiif.bdrc.io/bdr:V1GS66030_I1GS66136::I1GS661360137.tif/full/max/0/default.png
67b,,https://iiif.bdrc.io/bdr:V1GS66030_I1GS66136::I1GS661360138.tif/full/max/0/default.png
68a,རེ་བརྒྱད་,https://iiif.bdrc.io/bdr:V1GS66030_I1GS66136::I1GS661360139.tif/full/max/0/default.png
68b,,https://iiif.bdrc.io/bdr:V1GS66030_I1GS66136::I1GS661360140.tif/full/max/0/default.png
69a,རེ་དགུ་,https://iiif.bdrc.io/bdr:V1GS66030_I1GS66136::I1GS661360141.tif/full/max/0/default.png
69b,,https://iiif.bdrc.io/bdr:V1GS66030_I1GS66136::I1GS661360142.tif/full/max/0/default.png
70a,བདུན་བཅུ་,https://iiif.bdrc.io/bdr:V1GS66030_I1GS66136::I1GS661360143.tif/full/max/0/default.png
70b,,https://iiif.bdrc.io/bdr:V1GS66030_I1GS66136::I1GS661360144.tif/full/max/0/default.png
71a,དོན་གཅིག་,https://iiif.bdrc.io/bdr:V1GS66030_I1GS66136::I1GS661360145.tif/full/max/0/default.png
71b,,https://iiif.bdrc.io/bdr:V1GS66030_I1GS66136::I1GS661360146.tif/full/max/0/default.png
72a,དོན་གཉིས་,https://iiif.bdrc.io/bdr:V1GS66030_I1GS66136::I1GS661360147.tif/full/max/0/default.png
72b,,https://iiif.bdrc.io/bdr:V1GS66030_I1GS66136::I1GS661360148.tif/full/max/0/default.png
73a,དོན་གསུམ་,https://iiif.bdrc.io/bdr:V1GS66030_I1GS66136::I1GS661360149.tif/full/max/0/default.png
73b,,https://iiif.bdrc.io/bdr:V1GS66030_I1GS66136::I1GS661360150.tif/full/max/0/default.png
74a,དོན་བཞི་,https://iiif.bdrc.io/bdr:V1GS66030_I1GS66136::I1GS661360151.tif/full/max/0/default.png
74b,,https://iiif.bdrc.io/bdr:V1GS66030_I1GS66136::I1GS661360152.tif/full/max/0/default.png
75a,དོན་ལྔ་,https://iiif.bdrc.io/bdr:V1GS66030_I1GS66136::I1GS661360153.tif/full/max/0/default.png
75b,,https://iiif.bdrc.io/bdr:V1GS66030_I1GS66136::I1GS661360154.tif/full/max/0/default.png
76a,དོན་དྲུག་,https://iiif.bdrc.io/bdr:V1GS66030_I1GS66136::I1GS661360155.tif/full/max/0/default.png
76b,,https://iiif.bdrc.io/bdr:V1GS66030_I1GS66136::I1GS661360156.tif/full/max/0/default.png
77a,དོན་བདུན་,https://iiif.bdrc.io/bdr:V1GS66030_I1GS66136::I1GS661360157.tif/full/max/0/default.png
77b,,https://iiif.bdrc.io/bdr:V1GS66030_I1GS66136::I1GS661360158.tif/full/max/0/default.png
78a,དོན་བརྒྱད་,https://iiif.bdrc.io/bdr:V1GS66030_I1GS66136::I1GS661360159.tif/full/max/0/default.png
78b,,https://iiif.bdrc.io/bdr:V1GS66030_I1GS66136::I1GS661360160.tif/full/max/0/default.png
79a,དོན་དགུ་,https://iiif.bdrc.io/bdr:V1GS66030_I1GS66136::I1GS661360161.tif/full/max/0/default.png
79b,,https://iiif.bdrc.io/bdr:V1GS66030_I1GS66136::I1GS661360162.tif/full/max/0/default.png
80a,བརྒྱད་བཅུ་,https://iiif.bdrc.io/bdr:V1GS66030_I1GS66136::I1GS661360163.tif/full/max/0/default.png
80b,,https://iiif.bdrc.io/bdr:V1GS66030_I1GS66136::I1GS661360164.tif/full/max/0/default.png
81a,གྱ་གཅིག་,https://iiif.bdrc.io/bdr:V1GS66030_I1GS66136::I1GS661360165.tif/full/max/0/default.png
81b,,https://iiif.bdrc.io/bdr:V1GS66030_I1GS66136::I1GS661360166.tif/full/max/0/default.png
82a,གྱ་གཉིས་,https://iiif.bdrc.io/bdr:V1GS66030_I1GS66136::I1GS661360167.tif/full/max/0/default.png
82b,,https://iiif.bdrc.io/bdr:V1GS66030_I1GS66136::I1GS661360168.tif/full/max/0/default.png
83a,གྱ་གསུམ་,https://iiif.bdrc.io/bdr:V1GS66030_I1GS66136::I1GS661360169.tif/full/max/0/default.png
83b,,https://iiif.bdrc.io/bdr:V1GS66030_I1GS66136::I1GS661360170.tif/full/max/0/default.png
84a,གྱ་བཞི་,https://iiif.bdrc.io/bdr:V1GS66030_I1GS66136::I1GS661360171.tif/full/max/0/default.png
84b,,https://iiif.bdrc.io/bdr:V1GS66030_I1GS66136::I1GS661360172.tif/full/max/0/default.png
85a,གྱ་ལྔ་,https://iiif.bdrc.io/bdr:V1GS66030_I1GS66136::I1GS661360173.tif/full/max/0/default.png
85b,,https://iiif.bdrc.io/bdr:V1GS66030_I1GS66136::I1GS661360174.tif/full/max/0/default.png
86a,གྱ་དྲུག་,https://iiif.bdrc.io/bdr:V1GS66030_I1GS66136::I1GS661360175.tif/full/max/0/default.png
86b,,https://iiif.bdrc.io/bdr:V1GS66030_I1GS66136::I1GS661360176.tif/full/max/0/default.png
87a,གྱ་བདུན་,https://iiif.bdrc.io/bdr:V1GS66030_I1GS66136::I1GS661360177.tif/full/max/0/default.png
87b,,https://iiif.bdrc.io/bdr:V1GS66030_I1GS66136::I1GS661360178.tif/full/max/0/default.png
88a,གྱ་བརྒྱད་,https://iiif.bdrc.io/bdr:V1GS66030_I1GS66136::I1GS661360179.tif/full/max/0/default.png
88b,,https://iiif.bdrc.io/bdr:V1GS66030_I1GS66136::I1GS661360180.tif/full/max/0/default.png
89a,གྱ་དགུ་,https://iiif.bdrc.io/bdr:V1GS66030_I1GS66136::I1GS661360181.tif/full/max/0/default.png
89b,,https://iiif.bdrc.io/bdr:V1GS66030_I1GS66136::I1GS661360182.tif/full/max/0/default.png
90a,དགུ་བཅུ་,https://iiif.bdrc.io/bdr:V1GS66030_I1GS66136::I1GS661360183.tif/full/max/0/default.png
90b,,https://iiif.bdrc.io/bdr:V1GS66030_I1GS66136::I1GS661360184.tif/full/max/0/default.png
91a,གོ་གཅིག་,https://iiif.bdrc.io/bdr:V1GS66030_I1GS66136::I1GS661360185.tif/full/max/0/default.png
91b,,https://iiif.bdrc.io/bdr:V1GS66030_I1GS66136::I1GS661360186.tif/full/max/0/default.png
92a,གོ་གཉིས་,https://iiif.bdrc.io/bdr:V1GS66030_I1GS66136::I1GS661360187.tif/full/max/0/default.png
92b,,https://iiif.bdrc.io/bdr:V1GS66030_I1GS66136::I1GS661360188.tif/full/max/0/default.png
93a,གོ་གསུམ་,https://iiif.bdrc.io/bdr:V1GS66030_I1GS66136::I1GS661360189.tif/full/max/0/default.png
93b,,https://iiif.bdrc.io/bdr:V1GS66030_I1GS66136::I1GS661360190.tif/full/max/0/default.png
94a,གོ་བཞི་,https://iiif.bdrc.io/bdr:V1GS66030_I1GS66136::I1GS661360191.tif/full/max/0/default.png
94b,,https://iiif.bdrc.io/bdr:V1GS66030_I1GS66136::I1GS661360192.tif/full/max/0/default.png
95a,གོ་ལྔ་,https://iiif.bdrc.io/bdr:V1GS66030_I1GS66136::I1GS661360193.tif/full/max/0/default.png
95b,,https://iiif.bdrc.io/bdr:V1GS66030_I1GS66136::I1GS661360194.tif/full/max/0/default.png
96a,གོ་དྲུག་,https://iiif.bdrc.io/bdr:V1GS66030_I1GS66136::I1GS661360195.tif/full/max/0/default.png
96b,,https://iiif.bdrc.io/bdr:V1GS66030_I1GS66136::I1GS661360196.tif/full/max/0/default.png
97a,གོ་བདུན་,https://iiif.bdrc.io/bdr:V1GS66030_I1GS66136::I1GS661360197.tif/full/max/0/default.png
97b,,https://iiif.bdrc.io/bdr:V1GS66030_I1GS66136::I1GS661360198.tif/full/max/0/default.png
98a,གོ་བརྒྱད་,https://iiif.bdrc.io/bdr:V1GS66030_I1GS66136::I1GS661360199.tif/full/max/0/default.png
98b,,https://iiif.bdrc.io/bdr:V1GS66030_I1GS66136::I1GS661360200.tif/full/max/0/default.png
99a,གོ་དགུ་,https://iiif.bdrc.io/bdr:V1GS66030_I1GS66136::I1GS661360201.tif/full/max/0/default.png
99b,,https://iiif.bdrc.io/bdr:V1GS66030_I1GS66136::I1GS661360202.tif/full/max/0/default.png
100a,བརྒྱ་,https://iiif.bdrc.io/bdr:V1GS66030_I1GS66136::I1GS661360203.tif/full/max/0/default.png
100b,,https://iiif.bdrc.io/bdr:V1GS66030_I1GS66136::I1GS661360204.tif/full/max/0/default.png
101a,བརྒྱ་ གཅིག་,https://iiif.bdrc.io/bdr:V1GS66030_I1GS66136::I1GS661360205.tif/full/max/0/default.png
101b,,https://iiif.bdrc.io/bdr:V1GS66030_I1GS66136::I1GS661360206.tif/full/max/0/default.png
102a,བརྒྱ་ གཉིས་,https://iiif.bdrc.io/bdr:V1GS66030_I1GS66136::I1GS661360207.tif/full/max/0/default.png
102b,,https://iiif.bdrc.io/bdr:V1GS66030_I1GS66136::I1GS661360208.tif/full/max/0/default.png
103a,བརྒྱ་ གསུམ་,https://iiif.bdrc.io/bdr:V1GS66030_I1GS66136::I1GS661360209.tif/full/max/0/default.png
103b,,https://iiif.bdrc.io/bdr:V1GS66030_I1GS66136::I1GS661360210.tif/full/max/0/default.png
104a,བརྒྱ་ བཞི་,https://iiif.bdrc.io/bdr:V1GS66030_I1GS66136::I1GS661360211.tif/full/max/0/default.png
104b,,https://iiif.bdrc.io/bdr:V1GS66030_I1GS66136::I1GS661360212.tif/full/max/0/default.png
105a,བརྒྱ་ ལྔ་,https://iiif.bdrc.io/bdr:V1GS66030_I1GS66136::I1GS661360213.tif/full/max/0/default.png
105b,,https://iiif.bdrc.io/bdr:V1GS66030_I1GS66136::I1GS661360214.tif/full/max/0/default.png
106a,བརྒྱ་ དྲུག་,https://iiif.bdrc.io/bdr:V1GS66030_I1GS66136::I1GS661360215.tif/full/max/0/default.png
106b,,https://iiif.bdrc.io/bdr:V1GS66030_I1GS66136::I1GS661360216.tif/full/max/0/default.png
107a,བརྒྱ་ བདུན་,https://iiif.bdrc.io/bdr:V1GS66030_I1GS66136::I1GS661360217.tif/full/max/0/default.png
107b,,https://iiif.bdrc.io/bdr:V1GS66030_I1GS66136::I1GS661360218.tif/full/max/0/default.png
108a,བརྒྱ་ བརྒྱད་,https://iiif.bdrc.io/bdr:V1GS66030_I1GS66136::I1GS661360219.tif/full/max/0/default.png
108b,,https://iiif.bdrc.io/bdr:V1GS66030_I1GS66136::I1GS661360220.tif/full/max/0/default.png
109a,བརྒྱ་ དགུ་,https://iiif.bdrc.io/bdr:V1GS66030_I1GS66136::I1GS661360221.tif/full/max/0/default.png
109b,,https://iiif.bdrc.io/bdr:V1GS66030_I1GS66136::I1GS661360222.tif/full/max/0/default.png
110a,བརྒྱ་ བཅུ་,https://iiif.bdrc.io/bdr:V1GS66030_I1GS66136::I1GS661360223.tif/full/max/0/default.png
110b,,https://iiif.bdrc.io/bdr:V1GS66030_I1GS66136::I1GS661360224.tif/full/max/0/default.png
111a,བརྒྱ་ བཅུ་གཅིག་,https://iiif.bdrc.io/bdr:V1GS66030_I1GS66136::I1GS661360225.tif/full/max/0/default.png
111b,,https://iiif.bdrc.io/bdr:V1GS66030_I1GS66136::I1GS661360226.tif/full/max/0/default.png
112a,བརྒྱ་ བཅུ་གཉིས་,https://iiif.bdrc.io/bdr:V1GS66030_I1GS66136::I1GS661360227.tif/full/max/0/default.png
112b,,https://iiif.bdrc.io/bdr:V1GS66030_I1GS66136::I1GS661360228.tif/full/max/0/default.png
113a,བརྒྱ་ བཅུ་གསུམ་,https://iiif.bdrc.io/bdr:V1GS66030_I1GS66136::I1GS661360229.tif/full/max/0/default.png
113b,,https://iiif.bdrc.io/bdr:V1GS66030_I1GS66136::I1GS661360230.tif/full/max/0/default.png
114a,བརྒྱ་ བཅུ་བཞི་,https://iiif.bdrc.io/bdr:V1GS66030_I1GS66136::I1GS661360231.tif/full/max/0/default.png
114b,,https://iiif.bdrc.io/bdr:V1GS66030_I1GS66136::I1GS661360232.tif/full/max/0/default.png
115a,བརྒྱ་ བཅོ་ལྔ་,https://iiif.bdrc.io/bdr:V1GS66030_I1GS66136::I1GS661360233.tif/full/max/0/default.png
115b,,https://iiif.bdrc.io/bdr:V1GS66030_I1GS66136::I1GS661360234.tif/full/max/0/default.png
116a,བརྒྱ་ བཅུ་དྲུག་,https://iiif.bdrc.io/bdr:V1GS66030_I1GS66136::I1GS661360235.tif/full/max/0/default.png
116b,,https://iiif.bdrc.io/bdr:V1GS66030_I1GS66136::I1GS661360236.tif/full/max/0/default.png
117a,བརྒྱ་ བཅུ་བདུན་,https://iiif.bdrc.io/bdr:V1GS66030_I1GS66136::I1GS661360237.tif/full/max/0/default.png
117b,,https://iiif.bdrc.io/bdr:V1GS66030_I1GS66136::I1GS661360238.tif/full/max/0/default.png
118a,བརྒྱ་ བཅོ་བརྒྱད་,https://iiif.bdrc.io/bdr:V1GS66030_I1GS66136::I1GS661360239.tif/full/max/0/default.png
118b,,https://iiif.bdrc.io/bdr:V1GS66030_I1GS66136::I1GS661360240.tif/full/max/0/default.png
119a,བརྒྱ་ བཅུ་དགུ་,https://iiif.bdrc.io/bdr:V1GS66030_I1GS66136::I1GS661360241.tif/full/max/0/default.png
119b,,https://iiif.bdrc.io/bdr:V1GS66030_I1GS66136::I1GS661360242.tif/full/max/0/default.png
120a,བརྒྱ་ ཉི་ཤུ,https://iiif.bdrc.io/bdr:V1GS66030_I1GS66136::I1GS661360243.tif/full/max/0/default.png
120b,,https://iiif.bdrc.io/bdr:V1GS66030_I1GS66136::I1GS661360244.tif/full/max/0/default.png
121a,བརྒྱ་ ཉེར་གཅིག་,https://iiif.bdrc.io/bdr:V1GS66030_I1GS66136::I1GS661360245.tif/full/max/0/default.png
121b,,https://iiif.bdrc.io/bdr:V1GS66030_I1GS66136::I1GS661360246.tif/full/max/0/default.png
122a,བརྒྱ་ ཉེར་གཉིས་,https://iiif.bdrc.io/bdr:V1GS66030_I1GS66136::I1GS661360247.tif/full/max/0/default.png
122b,,https://iiif.bdrc.io/bdr:V1GS66030_I1GS66136::I1GS661360248.tif/full/max/0/default.png
123a,བརྒྱ་ ཉེར་གསུམ་,https://iiif.bdrc.io/bdr:V1GS66030_I1GS66136::I1GS661360249.tif/full/max/0/default.png
123b,,https://iiif.bdrc.io/bdr:V1GS66030_I1GS66136::I1GS661360250.tif/full/max/0/default.png
124a,བརྒྱ་ ཉེར་བཞི་,https://iiif.bdrc.io/bdr:V1GS66030_I1GS66136::I1GS661360251.tif/full/max/0/default.png
124b,,https://iiif.bdrc.io/bdr:V1GS66030_I1GS66136::I1GS661360252.tif/full/max/0/default.png
125a,བརྒྱ་ ཉེར་ལྔ་,https://iiif.bdrc.io/bdr:V1GS66030_I1GS66136::I1GS661360253.tif/full/max/0/default.png
125b,,https://iiif.bdrc.io/bdr:V1GS66030_I1GS66136::I1GS661360254.tif/full/max/0/default.png
126a,བརྒྱ་ ཉེར་དྲུག་,https://iiif.bdrc.io/bdr:V1GS66030_I1GS66136::I1GS661360255.tif/full/max/0/default.png
126b,,https://iiif.bdrc.io/bdr:V1GS66030_I1GS66136::I1GS661360256.tif/full/max/0/default.png
127a,བརྒྱ་ ཉེར་བདུན་,https://iiif.bdrc.io/bdr:V1GS66030_I1GS66136::I1GS661360257.tif/full/max/0/default.png
127b,,https://iiif.bdrc.io/bdr:V1GS66030_I1GS66136::I1GS661360258.tif/full/max/0/default.png
128a,བརྒྱ་ ཉེར་བརྒྱད་,https://iiif.bdrc.io/bdr:V1GS66030_I1GS66136::I1GS661360259.tif/full/max/0/default.png
128b,,https://iiif.bdrc.io/bdr:V1GS66030_I1GS66136::I1GS661360260.tif/full/max/0/default.png
129a,བརྒྱ་ ཉེར་དགུ་,https://iiif.bdrc.io/bdr:V1GS66030_I1GS66136::I1GS661360261.tif/full/max/0/default.png
129b,,https://iiif.bdrc.io/bdr:V1GS66030_I1GS66136::I1GS661360262.tif/full/max/0/default.png
130a,བརྒྱ་ སུམ་བཅུ་,https://iiif.bdrc.io/bdr:V1GS66030_I1GS66136::I1GS661360263.tif/full/max/0/default.png
130b,,https://iiif.bdrc.io/bdr:V1GS66030_I1GS66136::I1GS661360264.tif/full/max/0/default.png
131a,བརྒྱ་ སོ་གཅིག་,https://iiif.bdrc.io/bdr:V1GS66030_I1GS66136::I1GS661360265.tif/full/max/0/default.png
131b,,https://iiif.bdrc.io/bdr:V1GS66030_I1GS66136::I1GS661360266.tif/full/max/0/default.png
132a,བརྒྱ་ སོ་གཉིས་,https://iiif.bdrc.io/bdr:V1GS66030_I1GS66136::I1GS661360267.tif/full/max/0/default.png
132b,,https://iiif.bdrc.io/bdr:V1GS66030_I1GS66136::I1GS661360268.tif/full/max/0/default.png
133a,བརྒྱ་ སོ་གསུམ་,https://iiif.bdrc.io/bdr:V1GS66030_I1GS66136::I1GS661360269.tif/full/max/0/default.png
133b,,https://iiif.bdrc.io/bdr:V1GS66030_I1GS66136::I1GS661360270.tif/full/max/0/default.png
134a,བརྒྱ་ སོ་བཞི་,https://iiif.bdrc.io/bdr:V1GS66030_I1GS66136::I1GS661360271.tif/full/max/0/default.png
134b,,https://iiif.bdrc.io/bdr:V1GS66030_I1GS66136::I1GS661360272.tif/full/max/0/default.png
135a,བརྒྱ་ སོ་ལྔ་,https://iiif.bdrc.io/bdr:V1GS66030_I1GS66136::I1GS661360273.tif/full/max/0/default.png
135b,,https://iiif.bdrc.io/bdr:V1GS66030_I1GS66136::I1GS661360274.tif/full/max/0/default.png
136a,བརྒྱ་ སོ་དྲུག་,https://iiif.bdrc.io/bdr:V1GS66030_I1GS66136::I1GS661360275.tif/full/max/0/default.png
136b,,https://iiif.bdrc.io/bdr:V1GS66030_I1GS66136::I1GS661360276.tif/full/max/0/default.png
137a,བརྒྱ་ སོ་བདུན་,https://iiif.bdrc.io/bdr:V1GS66030_I1GS66136::I1GS661360277.tif/full/max/0/default.png
137b,,https://iiif.bdrc.io/bdr:V1GS66030_I1GS66136::I1GS661360278.tif/full/max/0/default.png
138a,བརྒྱ་ སོ་བརྒྱད་,https://iiif.bdrc.io/bdr:V1GS66030_I1GS66136::I1GS661360279.tif/full/max/0/default.png
138b,,https://iiif.bdrc.io/bdr:V1GS66030_I1GS66136::I1GS661360280.tif/full/max/0/default.png
139a,བརྒྱ་ སོ་དགུ་,https://iiif.bdrc.io/bdr:V1GS66030_I1GS66136::I1GS661360281.tif/full/max/0/default.png
139b,,https://iiif.bdrc.io/bdr:V1GS66030_I1GS66136::I1GS661360282.tif/full/max/0/default.png
140a,བརྒྱ་ བཞི་བཅུ་,https://iiif.bdrc.io/bdr:V1GS66030_I1GS66136::I1GS661360283.tif/full/max/0/default.png
140b,,https://iiif.bdrc.io/bdr:V1GS66030_I1GS66136::I1GS661360284.tif/full/max/0/default.png
141a,བརྒྱ་ ཞེ་གཅིག་,https://iiif.bdrc.io/bdr:V1GS66030_I1GS66136::I1GS661360285.tif/full/max/0/default.png
141b,,https://iiif.bdrc.io/bdr:V1GS66030_I1GS66136::I1GS661360286.tif/full/max/0/default.png
142a,བརྒྱ་ ཞེ་གཉིས་,https://iiif.bdrc.io/bdr:V1GS66030_I1GS66136::I1GS661360287.tif/full/max/0/default.png
142b,,https://iiif.bdrc.io/bdr:V1GS66030_I1GS66136::I1GS661360288.tif/full/max/0/default.png
143a,བརྒྱ་ ཞེ་གསུམ་,https://iiif.bdrc.io/bdr:V1GS66030_I1GS66136::I1GS661360289.tif/full/max/0/default.png
143b,,https://iiif.bdrc.io/bdr:V1GS66030_I1GS66136::I1GS661360290.tif/full/max/0/default.png
144a,བརྒྱ་ ཞེ་བཞི་,https://iiif.bdrc.io/bdr:V1GS66030_I1GS66136::I1GS661360291.tif/full/max/0/default.png
144b,,https://iiif.bdrc.io/bdr:V1GS66030_I1GS66136::I1GS661360292.tif/full/max/0/default.png
145a,བརྒྱ་ ཞེ་ལྔ་,https://iiif.bdrc.io/bdr:V1GS66030_I1GS66136::I1GS661360293.tif/full/max/0/default.png
145b,,https://iiif.bdrc.io/bdr:V1GS66030_I1GS66136::I1GS661360294.tif/full/max/0/default.png
146a,བརྒྱ་ ཞེ་དྲུག་,https://iiif.bdrc.io/bdr:V1GS66030_I1GS66136::I1GS661360295.tif/full/max/0/default.png
146b,,https://iiif.bdrc.io/bdr:V1GS66030_I1GS66136::I1GS661360296.tif/full/max/0/default.png
147a,བརྒྱ་ ཞེ་བདུན་,https://iiif.bdrc.io/bdr:V1GS66030_I1GS66136::I1GS661360297.tif/full/max/0/default.png
147b,,https://iiif.bdrc.io/bdr:V1GS66030_I1GS66136::I1GS661360298.tif/full/max/0/default.png
148a,བརྒྱ་ ཞེ་བརྒྱད་,https://iiif.bdrc.io/bdr:V1GS66030_I1GS66136::I1GS661360299.tif/full/max/0/default.png
148b,,https://iiif.bdrc.io/bdr:V1GS66030_I1GS66136::I1GS661360300.tif/full/max/0/default.png
149a,བརྒྱ་ ཞེ་དགུ་,https://iiif.bdrc.io/bdr:V1GS66030_I1GS66136::I1GS661360301.tif/full/max/0/default.png
149b,,https://iiif.bdrc.io/bdr:V1GS66030_I1GS66136::I1GS661360302.tif/full/max/0/default.png
150a,བརྒྱ་ ལྔ་བཅུ་,https://iiif.bdrc.io/bdr:V1GS66030_I1GS66136::I1GS661360303.tif/full/max/0/default.png
150b,,https://iiif.bdrc.io/bdr:V1GS66030_I1GS66136::I1GS661360304.tif/full/max/0/default.png
151a,བརྒྱ་ ང་གཅིག་,https://iiif.bdrc.io/bdr:V1GS66030_I1GS66136::I1GS661360305.tif/full/max/0/default.png
151b,,https://iiif.bdrc.io/bdr:V1GS66030_I1GS66136::I1GS661360306.tif/full/max/0/default.png
152a,བརྒྱ་ ང་གཉིས་,https://iiif.bdrc.io/bdr:V1GS66030_I1GS66136::I1GS661360307.tif/full/max/0/default.png
152b,,https://iiif.bdrc.io/bdr:V1GS66030_I1GS66136::I1GS661360308.tif/full/max/0/default.png
153a,བརྒྱ་ ང་གསུམ་,https://iiif.bdrc.io/bdr:V1GS66030_I1GS66136::I1GS661360309.tif/full/max/0/default.png
153b,,https://iiif.bdrc.io/bdr:V1GS66030_I1GS66136::I1GS661360310.tif/full/max/0/default.png
154a,བརྒྱ་ ང་བཞི་,https://iiif.bdrc.io/bdr:V1GS66030_I1GS66136::I1GS661360311.tif/full/max/0/default.png
154b,,https://iiif.bdrc.io/bdr:V1GS66030_I1GS66136::I1GS661360312.tif/full/max/0/default.png
155a,བརྒྱ་ ང་ལྔ་,https://iiif.bdrc.io/bdr:V1GS66030_I1GS66136::I1GS661360313.tif/full/max/0/default.png
155b,,https://iiif.bdrc.io/bdr:V1GS66030_I1GS66136::I1GS661360314.tif/full/max/0/default.png
156a,བརྒྱ་ ང་དྲུག་,https://iiif.bdrc.io/bdr:V1GS66030_I1GS66136::I1GS661360315.tif/full/max/0/default.png
156b,,https://iiif.bdrc.io/bdr:V1GS66030_I1GS66136::I1GS661360316.tif/full/max/0/default.png
157a,བརྒྱ་ ང་བདུན་,https://iiif.bdrc.io/bdr:V1GS66030_I1GS66136::I1GS661360317.tif/full/max/0/default.png
157b,,https://iiif.bdrc.io/bdr:V1GS66030_I1GS66136::I1GS661360318.tif/full/max/0/default.png
158a,བརྒྱ་ ང་བརྒྱད་,https://iiif.bdrc.io/bdr:V1GS66030_I1GS66136::I1GS661360319.tif/full/max/0/default.png
158b,,https://iiif.bdrc.io/bdr:V1GS66030_I1GS66136::I1GS661360320.tif/full/max/0/default.png
159a,བརྒྱ་ ང་དགུ་,https://iiif.bdrc.io/bdr:V1GS66030_I1GS66136::I1GS661360321.tif/full/max/0/default.png
159b,,https://iiif.bdrc.io/bdr:V1GS66030_I1GS66136::I1GS661360322.tif/full/max/0/default.png
160a,བརྒྱ་ དྲུག་བཅུ་,https://iiif.bdrc.io/bdr:V1GS66030_I1GS66136::I1GS661360323.tif/full/max/0/default.png
160b,,https://iiif.bdrc.io/bdr:V1GS66030_I1GS66136::I1GS661360324.tif/full/max/0/default.png
161a,བརྒྱ་ རེ་གཅིག་,https://iiif.bdrc.io/bdr:V1GS66030_I1GS66136::I1GS661360325.tif/full/max/0/default.png
161b,,https://iiif.bdrc.io/bdr:V1GS66030_I1GS66136::I1GS661360326.tif/full/max/0/default.png
162a,བརྒྱ་ རེ་གཉིས་,https://iiif.bdrc.io/bdr:V1GS66030_I1GS66136::I1GS661360327.tif/full/max/0/default.png
162b,,https://iiif.bdrc.io/bdr:V1GS66030_I1GS66136::I1GS661360328.tif/full/max/0/default.png
163a,བརྒྱ་ རེ་གསུམ་,https://iiif.bdrc.io/bdr:V1GS66030_I1GS66136::I1GS661360329.tif/full/max/0/default.png
163b,,https://iiif.bdrc.io/bdr:V1GS66030_I1GS66136::I1GS661360330.tif/full/max/0/default.png
164a,བརྒྱ་ རེ་བཞི་,https://iiif.bdrc.io/bdr:V1GS66030_I1GS66136::I1GS661360331.tif/full/max/0/default.png
164b,,https://iiif.bdrc.io/bdr:V1GS66030_I1GS66136::I1GS661360332.tif/full/max/0/default.png
165a,བརྒྱ་ རེ་ལྔ་,https://iiif.bdrc.io/bdr:V1GS66030_I1GS66136::I1GS661360333.tif/full/max/0/default.png
165b,,https://iiif.bdrc.io/bdr:V1GS66030_I1GS66136::I1GS661360334.tif/full/max/0/default.png
166a,བརྒྱ་ རེ་དྲུག་,https://iiif.bdrc.io/bdr:V1GS66030_I1GS66136::I1GS661360335.tif/full/max/0/default.png
166b,,https://iiif.bdrc.io/bdr:V1GS66030_I1GS66136::I1GS661360336.tif/full/max/0/default.png
167a,བརྒྱ་ རེ་བདུན་,https://iiif.bdrc.io/bdr:V1GS66030_I1GS66136::I1GS661360337.tif/full/max/0/default.png
167b,,https://iiif.bdrc.io/bdr:V1GS66030_I1GS66136::I1GS661360338.tif/full/max/0/default.png
168a,བརྒྱ་ རེ་བརྒྱད་,https://iiif.bdrc.io/bdr:V1GS66030_I1GS66136::I1GS661360339.tif/full/max/0/default.png
168b,,https://iiif.bdrc.io/bdr:V1GS66030_I1GS66136::I1GS661360340.tif/full/max/0/default.png
169a,བརྒྱ་ རེ་དགུ་,https://iiif.bdrc.io/bdr:V1GS66030_I1GS66136::I1GS661360341.tif/full/max/0/default.png
169b,,https://iiif.bdrc.io/bdr:V1GS66030_I1GS66136::I1GS661360342.tif/full/max/0/default.png
170a,བརྒྱ་ བདུན་བཅུ་,https://iiif.bdrc.io/bdr:V1GS66030_I1GS66136::I1GS661360343.tif/full/max/0/default.png
170b,,https://iiif.bdrc.io/bdr:V1GS66030_I1GS66136::I1GS661360344.tif/full/max/0/default.png
171a,བརྒྱ་ དོན་གཅིག་,https://iiif.bdrc.io/bdr:V1GS66030_I1GS66136::I1GS661360345.tif/full/max/0/default.png
171b,,https://iiif.bdrc.io/bdr:V1GS66030_I1GS66136::I1GS661360346.tif/full/max/0/default.png
172a,བརྒྱ་ དོན་གཉིས་,https://iiif.bdrc.io/bdr:V1GS66030_I1GS66136::I1GS661360347.tif/full/max/0/default.png
172b,,https://iiif.bdrc.io/bdr:V1GS66030_I1GS66136::I1GS661360348.tif/full/max/0/default.png
173a,བརྒྱ་ དོན་གསུམ་,https://iiif.bdrc.io/bdr:V1GS66030_I1GS66136::I1GS661360349.tif/full/max/0/default.png
173b,,https://iiif.bdrc.io/bdr:V1GS66030_I1GS66136::I1GS661360350.tif/full/max/0/default.png
174a,བརྒྱ་ དོན་བཞི་,https://iiif.bdrc.io/bdr:V1GS66030_I1GS66136::I1GS661360351.tif/full/max/0/default.png
174b,,https://iiif.bdrc.io/bdr:V1GS66030_I1GS66136::I1GS661360352.tif/full/max/0/default.png
175a,བརྒྱ་ དོན་ལྔ་,https://iiif.bdrc.io/bdr:V1GS66030_I1GS66136::I1GS661360353.tif/full/max/0/default.png
175b,,https://iiif.bdrc.io/bdr:V1GS66030_I1GS66136::I1GS661360354.tif/full/max/0/default.png
176a,བརྒྱ་ དོན་དྲུག་,https://iiif.bdrc.io/bdr:V1GS66030_I1GS66136::I1GS661360355.tif/full/max/0/default.png
176b,,https://iiif.bdrc.io/bdr:V1GS66030_I1GS66136::I1GS661360356.tif/full/max/0/default.png
177a,བརྒྱ་ དོན་བདུན་,https://iiif.bdrc.io/bdr:V1GS66030_I1GS66136::I1GS661360357.tif/full/max/0/default.png
177b,,https://iiif.bdrc.io/bdr:V1GS66030_I1GS66136::I1GS661360358.tif/full/max/0/default.png
178a,བརྒྱ་ དོན་བརྒྱད་,https://iiif.bdrc.io/bdr:V1GS66030_I1GS66136::I1GS661360359.tif/full/max/0/default.png
178b,,https://iiif.bdrc.io/bdr:V1GS66030_I1GS66136::I1GS661360360.tif/full/max/0/default.png
179a,བརྒྱ་ དོན་དགུ་,https://iiif.bdrc.io/bdr:V1GS66030_I1GS66136::I1GS661360361.tif/full/max/0/default.png
179b,,https://iiif.bdrc.io/bdr:V1GS66030_I1GS66136::I1GS661360362.tif/full/max/0/default.png
180a,བརྒྱ་ བརྒྱད་བཅུ་,https://iiif.bdrc.io/bdr:V1GS66030_I1GS66136::I1GS661360363.tif/full/max/0/default.png
180b,,https://iiif.bdrc.io/bdr:V1GS66030_I1GS66136::I1GS661360364.tif/full/max/0/default.png
181a,བརྒྱ་ གྱ་གཅིག་,https://iiif.bdrc.io/bdr:V1GS66030_I1GS66136::I1GS661360365.tif/full/max/0/default.png
181b,,https://iiif.bdrc.io/bdr:V1GS66030_I1GS66136::I1GS661360366.tif/full/max/0/default.png
182a,བརྒྱ་ གྱ་གཉིས་,https://iiif.bdrc.io/bdr:V1GS66030_I1GS66136::I1GS661360367.tif/full/max/0/default.png
182b,,https://iiif.bdrc.io/bdr:V1GS66030_I1GS66136::I1GS661360368.tif/full/max/0/default.png
183a,བརྒྱ་ གྱ་གསུམ་,https://iiif.bdrc.io/bdr:V1GS66030_I1GS66136::I1GS661360369.tif/full/max/0/default.png
183b,,https://iiif.bdrc.io/bdr:V1GS66030_I1GS66136::I1GS661360370.tif/full/max/0/default.png
184a,བརྒྱ་ གྱ་བཞི་,https://iiif.bdrc.io/bdr:V1GS66030_I1GS66136::I1GS661360371.tif/full/max/0/default.png
184b,,https://iiif.bdrc.io/bdr:V1GS66030_I1GS66136::I1GS661360372.tif/full/max/0/default.png
185a,བརྒྱ་ གྱ་ལྔ་,https://iiif.bdrc.io/bdr:V1GS66030_I1GS66136::I1GS661360373.tif/full/max/0/default.png
185b,,https://iiif.bdrc.io/bdr:V1GS66030_I1GS66136::I1GS661360374.tif/full/max/0/default.png
186a,བརྒྱ་ གྱ་དྲུག་,https://iiif.bdrc.io/bdr:V1GS66030_I1GS66136::I1GS661360375.tif/full/max/0/default.png
186b,,https://iiif.bdrc.io/bdr:V1GS66030_I1GS66136::I1GS661360376.tif/full/max/0/default.png
187a,བརྒྱ་ གྱ་བདུན་,https://iiif.bdrc.io/bdr:V1GS66030_I1GS66136::I1GS661360377.tif/full/max/0/default.png
187b,,https://iiif.bdrc.io/bdr:V1GS66030_I1GS66136::I1GS661360378.tif/full/max/0/default.png
188a,བརྒྱ་ གྱ་བརྒྱད་,https://iiif.bdrc.io/bdr:V1GS66030_I1GS66136::I1GS661360379.tif/full/max/0/default.png
188b,,https://iiif.bdrc.io/bdr:V1GS66030_I1GS66136::I1GS661360380.tif/full/max/0/default.png
189a,བརྒྱ་ གྱ་དགུ་,https://iiif.bdrc.io/bdr:V1GS66030_I1GS66136::I1GS661360381.tif/full/max/0/default.png
189b,,https://iiif.bdrc.io/bdr:V1GS66030_I1GS66136::I1GS661360382.tif/full/max/0/default.png
190a,བརྒྱ་ དགུ་བཅུ་,https://iiif.bdrc.io/bdr:V1GS66030_I1GS66136::I1GS661360383.tif/full/max/0/default.png
190b,,https://iiif.bdrc.io/bdr:V1GS66030_I1GS66136::I1GS661360384.tif/full/max/0/default.png
191a,བརྒྱ་ གོ་གཅིག་,https://iiif.bdrc.io/bdr:V1GS66030_I1GS66136::I1GS661360385.tif/full/max/0/default.png
191b,,https://iiif.bdrc.io/bdr:V1GS66030_I1GS66136::I1GS661360386.tif/full/max/0/default.png
192a,བརྒྱ་ གོ་གཉིས་,https://iiif.bdrc.io/bdr:V1GS66030_I1GS66136::I1GS661360387.tif/full/max/0/default.png
192b,,https://iiif.bdrc.io/bdr:V1GS66030_I1GS66136::I1GS661360388.tif/full/max/0/default.png
193a,བརྒྱ་ གོ་གསུམ་,https://iiif.bdrc.io/bdr:V1GS66030_I1GS66136::I1GS661360389.tif/full/max/0/default.png
193b,,https://iiif.bdrc.io/bdr:V1GS66030_I1GS66136::I1GS661360390.tif/full/max/0/default.png
194a,བརྒྱ་ གོ་བཞི་,https://iiif.bdrc.io/bdr:V1GS66030_I1GS66136::I1GS661360391.tif/full/max/0/default.png
194b,,https://iiif.bdrc.io/bdr:V1GS66030_I1GS66136::I1GS661360392.tif/full/max/0/default.png
195a,བརྒྱ་ གོ་ལྔ་,https://iiif.bdrc.io/bdr:V1GS66030_I1GS66136::I1GS661360393.tif/full/max/0/default.png
195b,,https://iiif.bdrc.io/bdr:V1GS66030_I1GS66136::I1GS661360394.tif/full/max/0/default.png
196a,བརྒྱ་ གོ་དྲུག་,https://iiif.bdrc.io/bdr:V1GS66030_I1GS66136::I1GS661360395.tif/full/max/0/default.png
196b,,https://iiif.bdrc.io/bdr:V1GS66030_I1GS66136::I1GS661360396.tif/full/max/0/default.png
197a,བརྒྱ་ གོ་བདུན་,https://iiif.bdrc.io/bdr:V1GS66030_I1GS66136::I1GS661360397.tif/full/max/0/default.png
197b,,https://iiif.bdrc.io/bdr:V1GS66030_I1GS66136::I1GS661360398.tif/full/max/0/default.png
198a,བརྒྱ་ གོ་བརྒྱད་,https://iiif.bdrc.io/bdr:V1GS66030_I1GS66136::I1GS661360399.tif/full/max/0/default.png
198b,,https://iiif.bdrc.io/bdr:V1GS66030_I1GS66136::I1GS661360400.tif/full/max/0/default.png
199a,བརྒྱ་ གོ་དགུ་,https://iiif.bdrc.io/bdr:V1GS66030_I1GS66136::I1GS661360401.tif/full/max/0/default.png
199b,,https://iiif.bdrc.io/bdr:V1GS66030_I1GS66136::I1GS661360402.tif/full/max/0/default.png
200a,གཉིས་བརྒྱ་,https://iiif.bdrc.io/bdr:V1GS66030_I1GS66136::I1GS661360403.tif/full/max/0/default.png
200b,,https://iiif.bdrc.io/bdr:V1GS66030_I1GS66136::I1GS661360404.tif/full/max/0/default.png
201a,གཉིས་བརྒྱ་ གཅིག་,https://iiif.bdrc.io/bdr:V1GS66030_I1GS66136::I1GS661360405.tif/full/max/0/default.png
201b,,https://iiif.bdrc.io/bdr:V1GS66030_I1GS66136::I1GS661360406.tif/full/max/0/default.png
202a,གཉིས་བརྒྱ་ གཉིས་,https://iiif.bdrc.io/bdr:V1GS66030_I1GS66136::I1GS661360407.tif/full/max/0/default.png
202b,,https://iiif.bdrc.io/bdr:V1GS66030_I1GS66136::I1GS661360408.tif/full/max/0/default.png
203a,གཉིས་བརྒྱ་ གསུམ་,https://iiif.bdrc.io/bdr:V1GS66030_I1GS66136::I1GS661360409.tif/full/max/0/default.png
203b,,https://iiif.bdrc.io/bdr:V1GS66030_I1GS66136::I1GS661360410.tif/full/max/0/default.png
204a,གཉིས་བརྒྱ་ བཞི་,https://iiif.bdrc.io/bdr:V1GS66030_I1GS66136::I1GS661360411.tif/full/max/0/default.png
204b,,https://iiif.bdrc.io/bdr:V1GS66030_I1GS66136::I1GS661360412.tif/full/max/0/default.png
205a,གཉིས་བརྒྱ་ ལྔ་,https://iiif.bdrc.io/bdr:V1GS66030_I1GS66136::I1GS661360413.tif/full/max/0/default.png
205b,,https://iiif.bdrc.io/bdr:V1GS66030_I1GS66136::I1GS661360414.tif/full/max/0/default.png
206a,གཉིས་བརྒྱ་ དྲུག་,https://iiif.bdrc.io/bdr:V1GS66030_I1GS66136::I1GS661360415.tif/full/max/0/default.png
206b,,https://iiif.bdrc.io/bdr:V1GS66030_I1GS66136::I1GS661360416.tif/full/max/0/default.png
207a,གཉིས་བརྒྱ་ བདུན་,https://iiif.bdrc.io/bdr:V1GS66030_I1GS66136::I1GS661360417.tif/full/max/0/default.png
207b,,https://iiif.bdrc.io/bdr:V1GS66030_I1GS66136::I1GS661360418.tif/full/max/0/default.png
208a,གཉིས་བརྒྱ་ བརྒྱད་,https://iiif.bdrc.io/bdr:V1GS66030_I1GS66136::I1GS661360419.tif/full/max/0/default.png
208b,,https://iiif.bdrc.io/bdr:V1GS66030_I1GS66136::I1GS661360420.tif/full/max/0/default.png
209a,གཉིས་བརྒྱ་ དགུ་,https://iiif.bdrc.io/bdr:V1GS66030_I1GS66136::I1GS661360421.tif/full/max/0/default.png
209b,,https://iiif.bdrc.io/bdr:V1GS66030_I1GS66136::I1GS661360422.tif/full/max/0/default.png
210a,གཉིས་བརྒྱ་ བཅུ་,https://iiif.bdrc.io/bdr:V1GS66030_I1GS66136::I1GS661360423.tif/full/max/0/default.png
210b,,https://iiif.bdrc.io/bdr:V1GS66030_I1GS66136::I1GS661360424.tif/full/max/0/default.png
211a,གཉིས་བརྒྱ་ བཅུ་གཅིག་,https://iiif.bdrc.io/bdr:V1GS66030_I1GS66136::I1GS661360425.tif/full/max/0/default.png
211b,,https://iiif.bdrc.io/bdr:V1GS66030_I1GS66136::I1GS661360426.tif/full/max/0/default.png
212a,གཉིས་བརྒྱ་ བཅུ་གཉིས་,https://iiif.bdrc.io/bdr:V1GS66030_I1GS66136::I1GS661360427.tif/full/max/0/default.png
212b,,https://iiif.bdrc.io/bdr:V1GS66030_I1GS66136::I1GS661360428.tif/full/max/0/default.png
213a,གཉིས་བརྒྱ་ བཅུ་གསུམ་,https://iiif.bdrc.io/bdr:V1GS66030_I1GS66136::I1GS661360429.tif/full/max/0/default.png
213b,,https://iiif.bdrc.io/bdr:V1GS66030_I1GS66136::I1GS661360430.tif/full/max/0/default.png
214a,གཉིས་བརྒྱ་ བཅུ་བཞི་,https://iiif.bdrc.io/bdr:V1GS66030_I1GS66136::I1GS661360431.tif/full/max/0/default.png
214b,,https://iiif.bdrc.io/bdr:V1GS66030_I1GS66136::I1GS661360432.tif/full/max/0/default.png
215a,གཉིས་བརྒྱ་ བཅོ་ལྔ་,https://iiif.bdrc.io/bdr:V1GS66030_I1GS66136::I1GS661360433.tif/full/max/0/default.png
215b,,https://iiif.bdrc.io/bdr:V1GS66030_I1GS66136::I1GS661360434.tif/full/max/0/default.png
216a,གཉིས་བརྒྱ་ བཅུ་དྲུག་,https://iiif.bdrc.io/bdr:V1GS66030_I1GS66136::I1GS661360435.tif/full/max/0/default.png
216b,,https://iiif.bdrc.io/bdr:V1GS66030_I1GS66136::I1GS661360436.tif/full/max/0/default.png
217a,གཉིས་བརྒྱ་ བཅུ་བདུན་,https://iiif.bdrc.io/bdr:V1GS66030_I1GS66136::I1GS661360437.tif/full/max/0/default.png
217b,,https://iiif.bdrc.io/bdr:V1GS66030_I1GS66136::I1GS661360438.tif/full/max/0/default.png
218a,གཉིས་བརྒྱ་ བཅོ་བརྒྱད་,https://iiif.bdrc.io/bdr:V1GS66030_I1GS66136::I1GS661360439.tif/full/max/0/default.png
218b,,https://iiif.bdrc.io/bdr:V1GS66030_I1GS66136::I1GS661360440.tif/full/max/0/default.png
219a,གཉིས་བརྒྱ་ བཅུ་དགུ་,https://iiif.bdrc.io/bdr:V1GS66030_I1GS66136::I1GS661360441.tif/full/max/0/default.png
219b,,https://iiif.bdrc.io/bdr:V1GS66030_I1GS66136::I1GS661360442.tif/full/max/0/default.png
220a,གཉིས་བརྒྱ་ ཉི་ཤུ,https://iiif.bdrc.io/bdr:V1GS66030_I1GS66136::I1GS661360443.tif/full/max/0/default.png
220b,,https://iiif.bdrc.io/bdr:V1GS66030_I1GS66136::I1GS661360444.tif/full/max/0/default.png
221a,གཉིས་བརྒྱ་ ཉེར་གཅིག་,https://iiif.bdrc.io/bdr:V1GS66030_I1GS66136::I1GS661360445.tif/full/max/0/default.png
221b,,https://iiif.bdrc.io/bdr:V1GS66030_I1GS66136::I1GS661360446.tif/full/max/0/default.png
222a,གཉིས་བརྒྱ་ ཉེར་གཉིས་,https://iiif.bdrc.io/bdr:V1GS66030_I1GS66136::I1GS661360447.tif/full/max/0/default.png
222b,,https://iiif.bdrc.io/bdr:V1GS66030_I1GS66136::I1GS661360448.tif/full/max/0/default.png
223a,གཉིས་བརྒྱ་ ཉེར་གསུམ་,https://iiif.bdrc.io/bdr:V1GS66030_I1GS66136::I1GS661360449.tif/full/max/0/default.png
223b,,https://iiif.bdrc.io/bdr:V1GS66030_I1GS66136::I1GS661360450.tif/full/max/0/default.png
224a,གཉིས་བརྒྱ་ ཉེར་བཞི་,https://iiif.bdrc.io/bdr:V1GS66030_I1GS66136::I1GS661360451.tif/full/max/0/default.png
224b,,https://iiif.bdrc.io/bdr:V1GS66030_I1GS66136::I1GS661360452.tif/full/max/0/default.png
225a,གཉིས་བརྒྱ་ ཉེར་ལྔ་,https://iiif.bdrc.io/bdr:V1GS66030_I1GS66136::I1GS661360453.tif/full/max/0/default.png
225b,,https://iiif.bdrc.io/bdr:V1GS66030_I1GS66136::I1GS661360454.tif/full/max/0/default.png
226a,གཉིས་བརྒྱ་ ཉེར་དྲུག་,https://iiif.bdrc.io/bdr:V1GS66030_I1GS66136::I1GS661360455.tif/full/max/0/default.png
226b,,https://iiif.bdrc.io/bdr:V1GS66030_I1GS66136::I1GS661360456.tif/full/max/0/default.png
227a,གཉིས་བརྒྱ་ ཉེར་བདུན་,https://iiif.bdrc.io/bdr:V1GS66030_I1GS66136::I1GS661360457.tif/full/max/0/default.png
227b,,https://iiif.bdrc.io/bdr:V1GS66030_I1GS66136::I1GS661360458.tif/full/max/0/default.png
228a,གཉིས་བརྒྱ་ ཉེར་བརྒྱད་,https://iiif.bdrc.io/bdr:V1GS66030_I1GS66136::I1GS661360459.tif/full/max/0/default.png
228b,,https://iiif.bdrc.io/bdr:V1GS66030_I1GS66136::I1GS661360460.tif/full/max/0/default.png
229a,གཉིས་བརྒྱ་ ཉེར་དགུ་,https://iiif.bdrc.io/bdr:V1GS66030_I1GS66136::I1GS661360461.tif/full/max/0/default.png
229b,,https://iiif.bdrc.io/bdr:V1GS66030_I1GS66136::I1GS661360462.tif/full/max/0/default.png
230a,གཉིས་བརྒྱ་ སུམ་བཅུ་,https://iiif.bdrc.io/bdr:V1GS66030_I1GS66136::I1GS661360463.tif/full/max/0/default.png
230b,,https://iiif.bdrc.io/bdr:V1GS66030_I1GS66136::I1GS661360464.tif/full/max/0/default.png
231a,གཉིས་བརྒྱ་ སོ་གཅིག་,https://iiif.bdrc.io/bdr:V1GS66030_I1GS66136::I1GS661360465.tif/full/max/0/default.png
231b,,https://iiif.bdrc.io/bdr:V1GS66030_I1GS66136::I1GS661360466.tif/full/max/0/default.png
232a,གཉིས་བརྒྱ་ སོ་གཉིས་,https://iiif.bdrc.io/bdr:V1GS66030_I1GS66136::I1GS661360467.tif/full/max/0/default.png
232b,,https://iiif.bdrc.io/bdr:V1GS66030_I1GS66136::I1GS661360468.tif/full/max/0/default.png
233a,གཉིས་བརྒྱ་ སོ་གསུམ་,https://iiif.bdrc.io/bdr:V1GS66030_I1GS66136::I1GS661360469.tif/full/max/0/default.png
233b,,https://iiif.bdrc.io/bdr:V1GS66030_I1GS66136::I1GS661360470.tif/full/max/0/default.png
234a,གཉིས་བརྒྱ་ སོ་བཞི་,https://iiif.bdrc.io/bdr:V1GS66030_I1GS66136::I1GS661360471.tif/full/max/0/default.png
234b,,https://iiif.bdrc.io/bdr:V1GS66030_I1GS66136::I1GS661360472.tif/full/max/0/default.png
235a,གཉིས་བརྒྱ་ སོ་ལྔ་,https://iiif.bdrc.io/bdr:V1GS66030_I1GS66136::I1GS661360473.tif/full/max/0/default.png
235b,,https://iiif.bdrc.io/bdr:V1GS66030_I1GS66136::I1GS661360474.tif/full/max/0/default.png
236a,གཉིས་བརྒྱ་ སོ་དྲུག་,https://iiif.bdrc.io/bdr:V1GS66030_I1GS66136::I1GS661360475.tif/full/max/0/default.png
236b,,https://iiif.bdrc.io/bdr:V1GS66030_I1GS66136::I1GS661360476.tif/full/max/0/default.png
237a,གཉིས་བརྒྱ་ སོ་བདུན་,https://iiif.bdrc.io/bdr:V1GS66030_I1GS66136::I1GS661360477.tif/full/max/0/default.png
237b,,https://iiif.bdrc.io/bdr:V1GS66030_I1GS66136::I1GS661360478.tif/full/max/0/default.png
238a,གཉིས་བརྒྱ་ སོ་བརྒྱད་,https://iiif.bdrc.io/bdr:V1GS66030_I1GS66136::I1GS661360479.tif/full/max/0/default.png
238b,,https://iiif.bdrc.io/bdr:V1GS66030_I1GS66136::I1GS661360480.tif/full/max/0/default.png
239a,གཉིས་བརྒྱ་ སོ་དགུ་,https://iiif.bdrc.io/bdr:V1GS66030_I1GS66136::I1GS661360481.tif/full/max/0/default.png
239b,,https://iiif.bdrc.io/bdr:V1GS66030_I1GS66136::I1GS661360482.tif/full/max/0/default.png
240a,གཉིས་བརྒྱ་ བཞི་བཅུ་,https://iiif.bdrc.io/bdr:V1GS66030_I1GS66136::I1GS661360483.tif/full/max/0/default.png
240b,,https://iiif.bdrc.io/bdr:V1GS66030_I1GS66136::I1GS661360484.tif/full/max/0/default.png
241a,གཉིས་བརྒྱ་ ཞེ་གཅིག་,https://iiif.bdrc.io/bdr:V1GS66030_I1GS66136::I1GS661360485.tif/full/max/0/default.png
241b,,https://iiif.bdrc.io/bdr:V1GS66030_I1GS66136::I1GS661360486.tif/full/max/0/default.png
242a,གཉིས་བརྒྱ་ ཞེ་གཉིས་,https://iiif.bdrc.io/bdr:V1GS66030_I1GS66136::I1GS661360487.tif/full/max/0/default.png
242b,,https://iiif.bdrc.io/bdr:V1GS66030_I1GS66136::I1GS661360488.tif/full/max/0/default.png
244a,གཉིས་བརྒྱ་ ཞེ་བཞི་,https://iiif.bdrc.io/bdr:V1GS66030_I1GS66136::I1GS661360489.tif/full/max/0/default.png
244b,,https://iiif.bdrc.io/bdr:V1GS66030_I1GS66136::I1GS661360490.tif/full/max/0/default.png
245a,གཉིས་བརྒྱ་ ཞེ་ལྔ་,https://iiif.bdrc.io/bdr:V1GS66030_I1GS66136::I1GS661360491.tif/full/max/0/default.png
245b,,https://iiif.bdrc.io/bdr:V1GS66030_I1GS66136::I1GS661360492.tif/full/max/0/default.png
246a,གཉིས་བརྒྱ་ ཞེ་དྲུག་,https://iiif.bdrc.io/bdr:V1GS66030_I1GS66136::I1GS661360493.tif/full/max/0/default.png
246b,,https://iiif.bdrc.io/bdr:V1GS66030_I1GS66136::I1GS661360494.tif/full/max/0/default.png
247a,གཉིས་བརྒྱ་ ཞེ་བདུན་,https://iiif.bdrc.io/bdr:V1GS66030_I1GS66136::I1GS661360495.tif/full/max/0/default.png
247b,,https://iiif.bdrc.io/bdr:V1GS66030_I1GS66136::I1GS661360496.tif/full/max/0/default.png
248a,གཉིས་བརྒྱ་ ཞེ་བརྒྱད་,https://iiif.bdrc.io/bdr:V1GS66030_I1GS66136::I1GS661360497.tif/full/max/0/default.png
248b,,https://iiif.bdrc.io/bdr:V1GS66030_I1GS66136::I1GS661360498.tif/full/max/0/default.png
249a,གཉིས་བརྒྱ་ ཞེ་དགུ་,https://iiif.bdrc.io/bdr:V1GS66030_I1GS66136::I1GS661360499.tif/full/max/0/default.png
249b,,https://iiif.bdrc.io/bdr:V1GS66030_I1GS66136::I1GS661360500.tif/full/max/0/default.png
250a,གཉིས་བརྒྱ་ ལྔ་བཅུ་,https://iiif.bdrc.io/bdr:V1GS66030_I1GS66136::I1GS661360501.tif/full/max/0/default.png
250b,,https://iiif.bdrc.io/bdr:V1GS66030_I1GS66136::I1GS661360502.tif/full/max/0/default.png
251a,གཉིས་བརྒྱ་ ང་གཅིག་,https://iiif.bdrc.io/bdr:V1GS66030_I1GS66136::I1GS661360503.tif/full/max/0/default.png
251b,,https://iiif.bdrc.io/bdr:V1GS66030_I1GS66136::I1GS661360504.tif/full/max/0/default.png
252a,གཉིས་བརྒྱ་ ང་གཉིས་,https://iiif.bdrc.io/bdr:V1GS66030_I1GS66136::I1GS661360505.tif/full/max/0/default.png
252b,,https://iiif.bdrc.io/bdr:V1GS66030_I1GS66136::I1GS661360506.tif/full/max/0/default.png
253a,གཉིས་བརྒྱ་ ང་གསུམ་,https://iiif.bdrc.io/bdr:V1GS66030_I1GS66136::I1GS661360507.tif/full/max/0/default.png
253b,,https://iiif.bdrc.io/bdr:V1GS66030_I1GS66136::I1GS661360508.tif/full/max/0/default.png
254a,གཉིས་བརྒྱ་ ང་བཞི་,https://iiif.bdrc.io/bdr:V1GS66030_I1GS66136::I1GS661360509.tif/full/max/0/default.png
254b,,https://iiif.bdrc.io/bdr:V1GS66030_I1GS66136::I1GS661360510.tif/full/max/0/default.png
255a,གཉིས་བརྒྱ་ ང་ལྔ་,https://iiif.bdrc.io/bdr:V1GS66030_I1GS66136::I1GS661360511.tif/full/max/0/default.png
255b,,https://iiif.bdrc.io/bdr:V1GS66030_I1GS66136::I1GS661360512.tif/full/max/0/default.png
256a,གཉིས་བརྒྱ་ ང་དྲུག་,https://iiif.bdrc.io/bdr:V1GS66030_I1GS66136::I1GS661360513.tif/full/max/0/default.png
256b,,https://iiif.bdrc.io/bdr:V1GS66030_I1GS66136::I1GS661360514.tif/full/max/0/default.png
257a,གཉིས་བརྒྱ་ ང་བདུན་,https://iiif.bdrc.io/bdr:V1GS66030_I1GS66136::I1GS661360515.tif/full/max/0/default.png
257b,,https://iiif.bdrc.io/bdr:V1GS66030_I1GS66136::I1GS661360516.tif/full/max/0/default.png
258a,གཉིས་བརྒྱ་ ང་བརྒྱད་,https://iiif.bdrc.io/bdr:V1GS66030_I1GS66136::I1GS661360517.tif/full/max/0/default.png
258b,,https://iiif.bdrc.io/bdr:V1GS66030_I1GS66136::I1GS661360518.tif/full/max/0/default.png
259a,གཉིས་བརྒྱ་ ང་དགུ་,https://iiif.bdrc.io/bdr:V1GS66030_I1GS66136::I1GS661360519.tif/full/max/0/default.png
259b,,https://iiif.bdrc.io/bdr:V1GS66030_I1GS66136::I1GS661360520.tif/full/max/0/default.png
260a,གཉིས་བརྒྱ་ དྲུག་བཅུ་,https://iiif.bdrc.io/bdr:V1GS66030_I1GS66136::I1GS661360521.tif/full/max/0/default.png
260b,,https://iiif.bdrc.io/bdr:V1GS66030_I1GS66136::I1GS661360522.tif/full/max/0/default.png
261a,གཉིས་བརྒྱ་ རེ་གཅིག་,https://iiif.bdrc.io/bdr:V1GS66030_I1GS66136::I1GS661360523.tif/full/max/0/default.png
261b,,https://iiif.bdrc.io/bdr:V1GS66030_I1GS66136::I1GS661360524.tif/full/max/0/default.png
262a,གཉིས་བརྒྱ་ རེ་གཉིས་,https://iiif.bdrc.io/bdr:V1GS66030_I1GS66136::I1GS661360525.tif/full/max/0/default.png
262b,,https://iiif.bdrc.io/bdr:V1GS66030_I1GS66136::I1GS661360526.tif/full/max/0/default.png
263a,གཉིས་བརྒྱ་ རེ་གསུམ་,https://iiif.bdrc.io/bdr:V1GS66030_I1GS66136::I1GS661360527.tif/full/max/0/default.png
263b,,https://iiif.bdrc.io/bdr:V1GS66030_I1GS66136::I1GS661360528.tif/full/max/0/default.png
264a,གཉིས་བརྒྱ་ རེ་བཞི་,https://iiif.bdrc.io/bdr:V1GS66030_I1GS66136::I1GS661360529.tif/full/max/0/default.png
264b,,https://iiif.bdrc.io/bdr:V1GS66030_I1GS66136::I1GS661360530.tif/full/max/0/default.png
265a,གཉིས་བརྒྱ་ རེ་ལྔ་,https://iiif.bdrc.io/bdr:V1GS66030_I1GS66136::I1GS661360531.tif/full/max/0/default.png
265b,,https://iiif.bdrc.io/bdr:V1GS66030_I1GS66136::I1GS661360532.tif/full/max/0/default.png
266a,གཉིས་བརྒྱ་ རེ་དྲུག་,https://iiif.bdrc.io/bdr:V1GS66030_I1GS66136::I1GS661360533.tif/full/max/0/default.png
266b,,https://iiif.bdrc.io/bdr:V1GS66030_I1GS66136::I1GS661360534.tif/full/max/0/default.png
267a,གཉིས་བརྒྱ་ རེ་བདུན་,https://iiif.bdrc.io/bdr:V1GS66030_I1GS66136::I1GS661360535.tif/full/max/0/default.png
267b,,https://iiif.bdrc.io/bdr:V1GS66030_I1GS66136::I1GS661360536.tif/full/max/0/default.png
268a,གཉིས་བརྒྱ་ རེ་བརྒྱད་,https://iiif.bdrc.io/bdr:V1GS66030_I1GS66136::I1GS661360537.tif/full/max/0/default.png
268b,,https://iiif.bdrc.io/bdr:V1GS66030_I1GS66136::I1GS661360538.tif/full/max/0/default.png
269a,གཉིས་བརྒྱ་ རེ་དགུ་,https://iiif.bdrc.io/bdr:V1GS66030_I1GS66136::I1GS661360539.tif/full/max/0/default.png
269b,,https://iiif.bdrc.io/bdr:V1GS66030_I1GS66136::I1GS661360540.tif/full/max/0/default.png
270a,གཉིས་བརྒྱ་ བདུན་བཅུ་,https://iiif.bdrc.io/bdr:V1GS66030_I1GS66136::I1GS661360541.tif/full/max/0/default.png
270b,,https://iiif.bdrc.io/bdr:V1GS66030_I1GS66136::I1GS661360542.tif/full/max/0/default.png
271a,གཉིས་བརྒྱ་ དོན་གཅིག་,https://iiif.bdrc.io/bdr:V1GS66030_I1GS66136::I1GS661360543.tif/full/max/0/default.png
271b,,https://iiif.bdrc.io/bdr:V1GS66030_I1GS66136::I1GS661360544.tif/full/max/0/default.png
272a,གཉིས་བརྒྱ་ དོན་གཉིས་,https://iiif.bdrc.io/bdr:V1GS66030_I1GS66136::I1GS661360545.tif/full/max/0/default.png
272b,,https://iiif.bdrc.io/bdr:V1GS66030_I1GS66136::I1GS661360546.tif/full/max/0/default.png
273a,གཉིས་བརྒྱ་ དོན་གསུམ་,https://iiif.bdrc.io/bdr:V1GS66030_I1GS66136::I1GS661360547.tif/full/max/0/default.png
273b,,https://iiif.bdrc.io/bdr:V1GS66030_I1GS66136::I1GS661360548.tif/full/max/0/default.png
274a,གཉིས་བརྒྱ་ དོན་བཞི་,https://iiif.bdrc.io/bdr:V1GS66030_I1GS66136::I1GS661360549.tif/full/max/0/default.png
274b,,https://iiif.bdrc.io/bdr:V1GS66030_I1GS66136::I1GS661360550.tif/full/max/0/default.png
275a,གཉིས་བརྒྱ་ དོན་ལྔ་,https://iiif.bdrc.io/bdr:V1GS66030_I1GS66136::I1GS661360551.tif/full/max/0/default.png
275b,,https://iiif.bdrc.io/bdr:V1GS66030_I1GS66136::I1GS661360552.tif/full/max/0/default.png
276a,གཉིས་བརྒྱ་ དོན་དྲུག་,https://iiif.bdrc.io/bdr:V1GS66030_I1GS66136::I1GS661360553.tif/full/max/0/default.png
276b,,https://iiif.bdrc.io/bdr:V1GS66030_I1GS66136::I1GS661360554.tif/full/max/0/default.png
277a,གཉིས་བརྒྱ་ དོན་བདུན་,https://iiif.bdrc.io/bdr:V1GS66030_I1GS66136::I1GS661360555.tif/full/max/0/default.png
277b,,https://iiif.bdrc.io/bdr:V1GS66030_I1GS66136::I1GS661360556.tif/full/max/0/default.png
278a,གཉིས་བརྒྱ་ དོན་བརྒྱད་,https://iiif.bdrc.io/bdr:V1GS66030_I1GS66136::I1GS661360557.tif/full/max/0/default.png
278b,,https://iiif.bdrc.io/bdr:V1GS66030_I1GS66136::I1GS661360558.tif/full/max/0/default.png
279a,གཉིས་བརྒྱ་ དོན་དགུ་,https://iiif.bdrc.io/bdr:V1GS66030_I1GS66136::I1GS661360559.tif/full/max/0/default.png
279b,,https://iiif.bdrc.io/bdr:V1GS66030_I1GS66136::I1GS661360560.tif/full/max/0/default.png
280a,གཉིས་བརྒྱ་ བརྒྱད་བཅུ་,https://iiif.bdrc.io/bdr:V1GS66030_I1GS66136::I1GS661360561.tif/full/max/0/default.png
280b,,https://iiif.bdrc.io/bdr:V1GS66030_I1GS66136::I1GS661360562.tif/full/max/0/default.png
281a,གཉིས་བརྒྱ་ གྱ་གཅིག་,https://iiif.bdrc.io/bdr:V1GS66030_I1GS66136::I1GS661360563.tif/full/max/0/default.png
281b,,https://iiif.bdrc.io/bdr:V1GS66030_I1GS66136::I1GS661360564.tif/full/max/0/default.png
282a,གཉིས་བརྒྱ་ གྱ་གཉིས་,https://iiif.bdrc.io/bdr:V1GS66030_I1GS66136::I1GS661360565.tif/full/max/0/default.png
282b,,https://iiif.bdrc.io/bdr:V1GS66030_I1GS66136::I1GS661360566.tif/full/max/0/default.png
283a,གཉིས་བརྒྱ་ གྱ་གསུམ་,https://iiif.bdrc.io/bdr:V1GS66030_I1GS66136::I1GS661360567.tif/full/max/0/default.png
283b,,https://iiif.bdrc.io/bdr:V1GS66030_I1GS66136::I1GS661360568.tif/full/max/0/default.png
284a,གཉིས་བརྒྱ་ གྱ་བཞི་,https://iiif.bdrc.io/bdr:V1GS66030_I1GS66136::I1GS661360569.tif/full/max/0/default.png
284b,,https://iiif.bdrc.io/bdr:V1GS66030_I1GS66136::I1GS661360570.tif/full/max/0/default.png
285a,གཉིས་བརྒྱ་ གྱ་ལྔ་,https://iiif.bdrc.io/bdr:V1GS66030_I1GS66136::I1GS661360571.tif/full/max/0/default.png
285b,,https://iiif.bdrc.io/bdr:V1GS66030_I1GS66136::I1GS661360572.tif/full/max/0/default.png
286a,གཉིས་བརྒྱ་ གྱ་དྲུག་,https://iiif.bdrc.io/bdr:V1GS66030_I1GS66136::I1GS661360573.tif/full/max/0/default.png
286b,,https://iiif.bdrc.io/bdr:V1GS66030_I1GS66136::I1GS661360574.tif/full/max/0/default.png
287a,གཉིས་བརྒྱ་ གྱ་བདུན་,https://iiif.bdrc.io/bdr:V1GS66030_I1GS66136::I1GS661360575.tif/full/max/0/default.png